ID,Label
TE_0,0
TE_1,0
TE_2,0
TE_3,0
TE_4,0
TE_5,0
TE_6,1
TE_7,0
TE_8,0
TE_9,1
TE_10,1
TE_11,1
TE_12,0
TE_13,0
TE_14,0
TE_15,0
TE_16,0
TE_17,0
TE_18,0
TE_19,0
TE_20,0
TE_21,0
TE_22,0
TE_23,0
TE_24,0
TE_25,0
TE_26,0
TE_27,0
TE_28,0
TE_29,0
TE_30,0
TE_31,1
TE_32,0
TE_33,1
TE_34,0
TE_35,0
TE_36,0
TE_37,0
TE_38,0
TE_39,1
TE_40,1
TE_41,1
TE_42,0
TE_43,0
TE_44,1
TE_45,0
TE_46,0
TE_47,0
TE_48,0
TE_49,0
TE_50,0
TE_51,0
TE_52,0
TE_53,0
TE_54,1
TE_55,0
TE_56,0
TE_57,0
TE_58,0
TE_59,1
TE_60,0
TE_61,0
TE_62,0
TE_63,1
TE_64,0
TE_65,0
TE_66,1
TE_67,0
TE_68,0
TE_69,0
TE_70,0
TE_71,0
TE_72,0
TE_73,0
TE_74,0
TE_75,0
TE_76,0
TE_77,0
TE_78,0
TE_79,0
TE_80,1
TE_81,0
TE_82,0
TE_83,0
TE_84,0
TE_85,1
TE_86,0
TE_87,0
TE_88,0
TE_89,0
TE_90,1
TE_91,0
TE_92,0
TE_93,0
TE_94,0
TE_95,1
TE_96,0
TE_97,0
TE_98,0
TE_99,1
TE_100,0
TE_101,0
TE_102,0
TE_103,0
TE_104,0
TE_105,0
TE_106,0
TE_107,1
TE_108,0
TE_109,1
TE_110,0
TE_111,0
TE_112,1
TE_113,0
TE_114,1
TE_115,0
TE_116,0
TE_117,0
TE_118,0
TE_119,0
TE_120,0
TE_121,0
TE_122,0
TE_123,0
TE_124,0
TE_125,0
TE_126,0
TE_127,0
TE_128,0
TE_129,0
TE_130,0
TE_131,1
TE_132,0
TE_133,0
TE_134,1
TE_135,0
TE_136,0
TE_137,0
TE_138,0
TE_139,0
TE_140,0
TE_141,0
TE_142,0
TE_143,0
TE_144,0
TE_145,1
TE_146,0
TE_147,0
TE_148,1
TE_149,0
TE_150,0
TE_151,0
TE_152,0
TE_153,0
TE_154,0
TE_155,0
TE_156,0
TE_157,0
TE_158,0
TE_159,1
TE_160,0
TE_161,0
TE_162,0
TE_163,0
TE_164,0
TE_165,0
TE_166,1
TE_167,0
TE_168,1
TE_169,1
TE_170,1
TE_171,1
TE_172,0
TE_173,0
TE_174,0
TE_175,0
TE_176,0
TE_177,0
TE_178,0
TE_179,0
TE_180,0
TE_181,1
TE_182,0
TE_183,0
TE_184,0
TE_185,0
TE_186,0
TE_187,0
TE_188,0
TE_189,0
TE_190,1
TE_191,0
TE_192,0
TE_193,0
TE_194,0
TE_195,0
TE_196,0
TE_197,1
TE_198,0
TE_199,0
TE_200,0
TE_201,0
TE_202,0
TE_203,0
TE_204,0
TE_205,0
TE_206,1
TE_207,0
TE_208,0
TE_209,1
TE_210,1
TE_211,0
TE_212,0
TE_213,0
TE_214,0
TE_215,0
TE_216,0
TE_217,0
TE_218,0
TE_219,0
TE_220,0
TE_221,1
TE_222,0
TE_223,0
TE_224,0
TE_225,0
TE_226,0
TE_227,1
TE_228,1
TE_229,0
TE_230,0
TE_231,1
TE_232,0
TE_233,0
TE_234,0
TE_235,0
TE_236,1
TE_237,0
TE_238,1
TE_239,0
TE_240,0
TE_241,0
TE_242,0
TE_243,0
TE_244,0
TE_245,0
TE_246,0
TE_247,0
TE_248,0
TE_249,0
TE_250,0
TE_251,0
TE_252,0
TE_253,0
TE_254,0
TE_255,0
TE_256,0
TE_257,0
TE_258,0
TE_259,0
TE_260,0
TE_261,0
TE_262,0
TE_263,0
TE_264,1
TE_265,1
TE_266,1
TE_267,0
TE_268,0
TE_269,0
TE_270,0
TE_271,0
TE_272,1
TE_273,1
TE_274,0
TE_275,1
TE_276,1
TE_277,1
TE_278,1
TE_279,0
TE_280,0
TE_281,0
TE_282,0
TE_283,1
TE_284,0
TE_285,1
TE_286,1
TE_287,0
TE_288,0
TE_289,0
TE_290,0
TE_291,0
TE_292,0
TE_293,0
TE_294,0
TE_295,1
TE_296,0
TE_297,0
TE_298,0
TE_299,0
TE_300,0
TE_301,0
TE_302,1
TE_303,0
TE_304,1
TE_305,1
TE_306,0
TE_307,0
TE_308,0
TE_309,0
TE_310,0
TE_311,0
TE_312,0
TE_313,0
TE_314,0
TE_315,0
TE_316,0
TE_317,0
TE_318,0
TE_319,0
TE_320,0
TE_321,1
TE_322,0
TE_323,0
TE_324,0
TE_325,0
TE_326,0
TE_327,0
TE_328,0
TE_329,0
TE_330,0
TE_331,0
TE_332,0
TE_333,0
TE_334,0
TE_335,0
TE_336,0
TE_337,0
TE_338,0
TE_339,0
TE_340,0
TE_341,0
TE_342,0
TE_343,1
TE_344,0
TE_345,0
TE_346,0
TE_347,0
TE_348,0
TE_349,1
TE_350,0
TE_351,1
TE_352,0
TE_353,0
TE_354,0
TE_355,0
TE_356,0
TE_357,0
TE_358,0
TE_359,0
TE_360,0
TE_361,0
TE_362,1
TE_363,0
TE_364,1
TE_365,0
TE_366,1
TE_367,0
TE_368,0
TE_369,0
TE_370,0
TE_371,0
TE_372,0
TE_373,0
TE_374,0
TE_375,0
TE_376,1
TE_377,0
TE_378,1
TE_379,0
TE_380,0
TE_381,0
TE_382,1
TE_383,0
TE_384,0
TE_385,0
TE_386,0
TE_387,0
TE_388,0
TE_389,0
TE_390,0
TE_391,0
TE_392,0
TE_393,0
TE_394,0
TE_395,0
TE_396,0
TE_397,0
TE_398,0
TE_399,0
TE_400,0
TE_401,0
TE_402,0
TE_403,0
TE_404,0
TE_405,1
TE_406,0
TE_407,0
TE_408,1
TE_409,0
TE_410,0
TE_411,0
TE_412,0
TE_413,1
TE_414,0
TE_415,1
TE_416,1
TE_417,0
TE_418,0
TE_419,0
TE_420,0
TE_421,0
TE_422,0
TE_423,1
TE_424,0
TE_425,0
TE_426,0
TE_427,1
TE_428,0
TE_429,1
TE_430,0
TE_431,1
TE_432,0
TE_433,0
TE_434,0
TE_435,1
TE_436,0
TE_437,1
TE_438,0
TE_439,0
TE_440,1
TE_441,0
TE_442,0
TE_443,0
TE_444,0
TE_445,0
TE_446,0
TE_447,0
TE_448,0
TE_449,0
TE_450,0
TE_451,0
TE_452,0
TE_453,0
TE_454,0
TE_455,0
TE_456,1
TE_457,0
TE_458,1
TE_459,0
TE_460,0
TE_461,0
TE_462,0
TE_463,0
TE_464,0
TE_465,1
TE_466,0
TE_467,0
TE_468,0
TE_469,0
TE_470,0
TE_471,0
TE_472,0
TE_473,1
TE_474,1
TE_475,1
TE_476,0
TE_477,0
TE_478,0
TE_479,0
TE_480,1
TE_481,0
TE_482,0
TE_483,0
TE_484,0
TE_485,0
TE_486,0
TE_487,0
TE_488,0
TE_489,0
TE_490,0
TE_491,0
TE_492,0
TE_493,0
TE_494,0
TE_495,0
TE_496,0
TE_497,0
TE_498,0
TE_499,0
TE_500,1
TE_501,0
TE_502,1
TE_503,0
TE_504,0
TE_505,1
TE_506,0
TE_507,1
TE_508,0
TE_509,0
TE_510,0
TE_511,0
TE_512,0
TE_513,1
TE_514,0
TE_515,0
TE_516,0
TE_517,0
TE_518,1
TE_519,1
TE_520,0
TE_521,0
TE_522,0
TE_523,1
TE_524,0
TE_525,0
TE_526,0
TE_527,0
TE_528,0
TE_529,1
TE_530,0
TE_531,1
TE_532,0
TE_533,0
TE_534,1
TE_535,0
TE_536,0
TE_537,0
TE_538,0
TE_539,0
TE_540,0
TE_541,1
TE_542,0
TE_543,0
TE_544,1
TE_545,0
TE_546,0
TE_547,0
TE_548,0
TE_549,0
TE_550,1
TE_551,0
TE_552,0
TE_553,0
TE_554,1
TE_555,1
TE_556,0
TE_557,1
TE_558,0
TE_559,0
TE_560,0
TE_561,0
TE_562,0
TE_563,0
TE_564,0
TE_565,0
TE_566,0
TE_567,0
TE_568,0
TE_569,0
TE_570,0
TE_571,0
TE_572,0
TE_573,0
TE_574,0
TE_575,0
TE_576,1
TE_577,1
TE_578,0
TE_579,0
TE_580,0
TE_581,1
TE_582,1
TE_583,0
TE_584,0
TE_585,0
TE_586,0
TE_587,0
TE_588,0
TE_589,0
TE_590,0
TE_591,0
TE_592,0
TE_593,0
TE_594,0
TE_595,0
TE_596,1
TE_597,0
TE_598,0
TE_599,0
TE_600,0
TE_601,0
TE_602,1
TE_603,0
TE_604,0
TE_605,0
TE_606,0
TE_607,0
TE_608,0
TE_609,1
TE_610,0
TE_611,1
TE_612,0
TE_613,0
TE_614,0
TE_615,0
TE_616,0
TE_617,0
TE_618,0
TE_619,0
TE_620,0
TE_621,1
TE_622,0
TE_623,0
TE_624,0
TE_625,1
TE_626,1
TE_627,0
TE_628,0
TE_629,0
TE_630,0
TE_631,0
TE_632,0
TE_633,0
TE_634,0
TE_635,0
TE_636,0
TE_637,0
TE_638,0
TE_639,0
TE_640,0
TE_641,1
TE_642,0
TE_643,0
TE_644,0
TE_645,0
TE_646,1
TE_647,0
TE_648,0
TE_649,0
TE_650,1
TE_651,0
TE_652,0
TE_653,0
TE_654,0
TE_655,0
TE_656,0
TE_657,0
TE_658,1
TE_659,1
TE_660,0
TE_661,0
TE_662,0
TE_663,0
TE_664,0
TE_665,1
TE_666,0
TE_667,1
TE_668,0
TE_669,1
TE_670,0
TE_671,0
TE_672,0
TE_673,0
TE_674,0
TE_675,0
TE_676,0
TE_677,0
TE_678,0
TE_679,1
TE_680,0
TE_681,0
TE_682,0
TE_683,0
TE_684,0
TE_685,0
TE_686,0
TE_687,0
TE_688,1
TE_689,0
TE_690,0
TE_691,0
TE_692,1
TE_693,0
TE_694,0
TE_695,0
TE_696,0
TE_697,0
TE_698,0
TE_699,0
TE_700,1
TE_701,1
TE_702,0
TE_703,0
TE_704,0
TE_705,0
TE_706,0
TE_707,1
TE_708,0
TE_709,1
TE_710,0
TE_711,0
TE_712,0
TE_713,1
TE_714,0
TE_715,0
TE_716,0
TE_717,0
TE_718,0
TE_719,1
TE_720,0
TE_721,0
TE_722,1
TE_723,0
TE_724,0
TE_725,0
TE_726,0
TE_727,0
TE_728,0
TE_729,0
TE_730,0
TE_731,0
TE_732,0
TE_733,0
TE_734,0
TE_735,0
TE_736,1
TE_737,0
TE_738,0
TE_739,0
TE_740,0
TE_741,0
TE_742,1
TE_743,1
TE_744,0
TE_745,0
TE_746,0
TE_747,0
TE_748,0
TE_749,1
TE_750,0
TE_751,0
TE_752,0
TE_753,1
TE_754,0
TE_755,0
TE_756,1
TE_757,0
TE_758,0
TE_759,0
TE_760,0
TE_761,0
TE_762,1
TE_763,0
TE_764,0
TE_765,1
TE_766,0
TE_767,0
TE_768,0
TE_769,1
TE_770,0
TE_771,1
TE_772,0
TE_773,0
TE_774,1
TE_775,0
TE_776,0
TE_777,1
TE_778,0
TE_779,0
TE_780,1
TE_781,0
TE_782,0
TE_783,0
TE_784,0
TE_785,0
TE_786,0
TE_787,0
TE_788,0
TE_789,0
TE_790,0
TE_791,1
TE_792,0
TE_793,0
TE_794,0
TE_795,0
TE_796,0
TE_797,0
TE_798,0
TE_799,0
TE_800,0
TE_801,0
TE_802,0
TE_803,0
TE_804,0
TE_805,1
TE_806,0
TE_807,0
TE_808,1
TE_809,0
TE_810,0
TE_811,1
TE_812,0
TE_813,0
TE_814,0
TE_815,0
TE_816,0
TE_817,0
TE_818,0
TE_819,1
TE_820,1
TE_821,0
TE_822,0
TE_823,0
TE_824,0
TE_825,0
TE_826,0
TE_827,0
TE_828,0
TE_829,0
TE_830,1
TE_831,0
TE_832,0
TE_833,0
TE_834,0
TE_835,0
TE_836,0
TE_837,0
TE_838,0
TE_839,0
TE_840,0
TE_841,1
TE_842,0
TE_843,0
TE_844,0
TE_845,0
TE_846,0
TE_847,0
TE_848,0
TE_849,0
TE_850,0
TE_851,0
TE_852,0
TE_853,0
TE_854,0
TE_855,0
TE_856,1
TE_857,0
TE_858,0
TE_859,0
TE_860,0
TE_861,0
TE_862,0
TE_863,0
TE_864,0
TE_865,1
TE_866,0
TE_867,0
TE_868,0
TE_869,0
TE_870,0
TE_871,1
TE_872,0
TE_873,1
TE_874,0
TE_875,0
TE_876,0
TE_877,0
TE_878,0
TE_879,0
TE_880,0
TE_881,0
TE_882,0
TE_883,0
TE_884,0
TE_885,0
TE_886,1
TE_887,0
TE_888,0
TE_889,0
TE_890,0
TE_891,0
TE_892,0
TE_893,0
TE_894,0
TE_895,0
TE_896,0
TE_897,1
TE_898,0
TE_899,1
TE_900,1
TE_901,0
TE_902,0
TE_903,1
TE_904,0
TE_905,1
TE_906,0
TE_907,0
TE_908,0
TE_909,0
TE_910,0
TE_911,0
TE_912,0
TE_913,0
TE_914,0
TE_915,1
TE_916,1
TE_917,0
TE_918,1
TE_919,0
TE_920,0
TE_921,0
TE_922,0
TE_923,1
TE_924,0
TE_925,0
TE_926,0
TE_927,0
TE_928,0
TE_929,0
TE_930,0
TE_931,0
TE_932,0
TE_933,0
TE_934,1
TE_935,0
TE_936,1
TE_937,0
TE_938,0
TE_939,0
TE_940,0
TE_941,0
TE_942,0
TE_943,0
TE_944,0
TE_945,0
TE_946,0
TE_947,0
TE_948,0
TE_949,0
TE_950,0
TE_951,0
TE_952,1
TE_953,1
TE_954,0
TE_955,0
TE_956,0
TE_957,0
TE_958,1
TE_959,1
TE_960,0
TE_961,0
TE_962,0
TE_963,0
TE_964,0
TE_965,0
TE_966,0
TE_967,0
TE_968,0
TE_969,0
TE_970,0
TE_971,1
TE_972,0
TE_973,0
TE_974,0
TE_975,1
TE_976,1
TE_977,0
TE_978,1
TE_979,0
TE_980,0
TE_981,0
TE_982,0
TE_983,0
TE_984,0
TE_985,0
TE_986,0
TE_987,1
TE_988,0
TE_989,0
TE_990,0
TE_991,0
TE_992,1
TE_993,0
TE_994,1
TE_995,0
TE_996,0
TE_997,1
TE_998,0
TE_999,0
TE_1000,0
TE_1001,1
TE_1002,0
TE_1003,1
TE_1004,0
TE_1005,0
TE_1006,0
TE_1007,0
TE_1008,1
TE_1009,1
TE_1010,1
TE_1011,1
TE_1012,0
TE_1013,1
TE_1014,0
TE_1015,0
TE_1016,0
TE_1017,1
TE_1018,1
TE_1019,0
TE_1020,0
TE_1021,0
TE_1022,1
TE_1023,0
TE_1024,0
TE_1025,1
TE_1026,0
TE_1027,0
TE_1028,1
TE_1029,1
TE_1030,0
TE_1031,0
TE_1032,0
TE_1033,0
TE_1034,1
TE_1035,0
TE_1036,0
TE_1037,0
TE_1038,0
TE_1039,0
TE_1040,0
TE_1041,0
TE_1042,0
TE_1043,0
TE_1044,0
TE_1045,0
TE_1046,0
TE_1047,0
TE_1048,1
TE_1049,0
TE_1050,0
TE_1051,0
TE_1052,0
TE_1053,0
TE_1054,0
TE_1055,0
TE_1056,0
TE_1057,0
TE_1058,1
TE_1059,0
TE_1060,0
TE_1061,1
TE_1062,1
TE_1063,1
TE_1064,0
TE_1065,0
TE_1066,0
TE_1067,1
TE_1068,0
TE_1069,1
TE_1070,0
TE_1071,0
TE_1072,0
TE_1073,0
TE_1074,1
TE_1075,0
TE_1076,1
TE_1077,0
TE_1078,0
TE_1079,1
TE_1080,0
TE_1081,0
TE_1082,1
TE_1083,0
TE_1084,1
TE_1085,0
TE_1086,0
TE_1087,0
TE_1088,0
TE_1089,0
TE_1090,0
TE_1091,0
TE_1092,1
TE_1093,0
TE_1094,0
TE_1095,0
TE_1096,0
TE_1097,0
TE_1098,0
TE_1099,0
TE_1100,0
TE_1101,0
TE_1102,0
TE_1103,0
TE_1104,0
TE_1105,1
TE_1106,0
TE_1107,0
TE_1108,0
TE_1109,0
TE_1110,0
TE_1111,0
TE_1112,0
TE_1113,1
TE_1114,0
TE_1115,0
TE_1116,1
TE_1117,0
TE_1118,0
TE_1119,0
TE_1120,0
TE_1121,0
TE_1122,0
TE_1123,1
TE_1124,1
TE_1125,0
TE_1126,0
TE_1127,0
TE_1128,0
TE_1129,0
TE_1130,0
TE_1131,0
TE_1132,0
TE_1133,0
TE_1134,0
TE_1135,1
TE_1136,0
TE_1137,0
TE_1138,1
TE_1139,1
TE_1140,1
TE_1141,0
TE_1142,0
TE_1143,0
TE_1144,0
TE_1145,1
TE_1146,0
TE_1147,0
TE_1148,1
TE_1149,0
TE_1150,0
TE_1151,0
TE_1152,0
TE_1153,0
TE_1154,0
TE_1155,0
TE_1156,0
TE_1157,0
TE_1158,0
TE_1159,0
TE_1160,0
TE_1161,0
TE_1162,0
TE_1163,0
TE_1164,0
TE_1165,1
TE_1166,0
TE_1167,1
TE_1168,0
TE_1169,0
TE_1170,0
TE_1171,0
TE_1172,0
TE_1173,0
TE_1174,0
TE_1175,0
TE_1176,0
TE_1177,0
TE_1178,0
TE_1179,1
TE_1180,0
TE_1181,0
TE_1182,0
TE_1183,0
TE_1184,0
TE_1185,0
TE_1186,0
TE_1187,0
TE_1188,1
TE_1189,0
TE_1190,0
TE_1191,0
TE_1192,0
TE_1193,0
TE_1194,1
TE_1195,0
TE_1196,0
TE_1197,0
TE_1198,0
TE_1199,0
TE_1200,1
TE_1201,0
TE_1202,1
TE_1203,0
TE_1204,0
TE_1205,0
TE_1206,0
TE_1207,1
TE_1208,1
TE_1209,1
TE_1210,0
TE_1211,0
TE_1212,0
TE_1213,1
TE_1214,0
TE_1215,0
TE_1216,1
TE_1217,0
TE_1218,0
TE_1219,0
TE_1220,0
TE_1221,0
TE_1222,0
TE_1223,0
TE_1224,0
TE_1225,0
TE_1226,0
TE_1227,0
TE_1228,0
TE_1229,0
TE_1230,0
TE_1231,0
TE_1232,1
TE_1233,0
TE_1234,0
TE_1235,1
TE_1236,0
TE_1237,0
TE_1238,0
TE_1239,1
TE_1240,0
TE_1241,0
TE_1242,0
TE_1243,0
TE_1244,0
TE_1245,1
TE_1246,1
TE_1247,1
TE_1248,1
TE_1249,0
TE_1250,0
TE_1251,0
TE_1252,0
TE_1253,0
TE_1254,1
TE_1255,0
TE_1256,0
TE_1257,0
TE_1258,1
TE_1259,0
TE_1260,0
TE_1261,1
TE_1262,0
TE_1263,0
TE_1264,0
TE_1265,0
TE_1266,0
TE_1267,0
TE_1268,0
TE_1269,0
TE_1270,0
TE_1271,0
TE_1272,0
TE_1273,0
TE_1274,0
TE_1275,0
TE_1276,0
TE_1277,0
TE_1278,0
TE_1279,0
TE_1280,1
TE_1281,0
TE_1282,1
TE_1283,0
TE_1284,1
TE_1285,0
TE_1286,0
TE_1287,1
TE_1288,0
TE_1289,0
TE_1290,0
TE_1291,0
TE_1292,0
TE_1293,0
TE_1294,0
TE_1295,0
TE_1296,0
TE_1297,0
TE_1298,0
TE_1299,0
TE_1300,0
TE_1301,1
TE_1302,0
TE_1303,0
TE_1304,0
TE_1305,0
TE_1306,0
TE_1307,0
TE_1308,0
TE_1309,0
TE_1310,0
TE_1311,0
TE_1312,1
TE_1313,0
TE_1314,0
TE_1315,0
TE_1316,0
TE_1317,0
TE_1318,0
TE_1319,0
TE_1320,0
TE_1321,0
TE_1322,0
TE_1323,0
TE_1324,0
TE_1325,0
TE_1326,0
TE_1327,1
TE_1328,0
TE_1329,0
TE_1330,0
TE_1331,0
TE_1332,1
TE_1333,0
TE_1334,0
TE_1335,0
TE_1336,0
TE_1337,0
TE_1338,1
TE_1339,1
TE_1340,0
TE_1341,1
TE_1342,0
TE_1343,1
TE_1344,0
TE_1345,0
TE_1346,0
TE_1347,0
TE_1348,0
TE_1349,1
TE_1350,0
TE_1351,0
TE_1352,0
TE_1353,0
TE_1354,0
TE_1355,0
TE_1356,1
TE_1357,1
TE_1358,0
TE_1359,1
TE_1360,1
TE_1361,0
TE_1362,1
TE_1363,0
TE_1364,0
TE_1365,0
TE_1366,0
TE_1367,0
TE_1368,0
TE_1369,0
TE_1370,1
TE_1371,0
TE_1372,1
TE_1373,1
TE_1374,0
TE_1375,0
TE_1376,0
TE_1377,0
TE_1378,0
TE_1379,0
TE_1380,1
TE_1381,1
TE_1382,0
TE_1383,0
TE_1384,0
TE_1385,0
TE_1386,1
TE_1387,0
TE_1388,1
TE_1389,1
TE_1390,0
TE_1391,0
TE_1392,1
TE_1393,0
TE_1394,0
TE_1395,0
TE_1396,0
TE_1397,1
TE_1398,0
TE_1399,0
TE_1400,0
TE_1401,0
TE_1402,0
TE_1403,0
TE_1404,0
TE_1405,0
TE_1406,0
TE_1407,0
TE_1408,0
TE_1409,0
TE_1410,0
TE_1411,0
TE_1412,0
TE_1413,1
TE_1414,0
TE_1415,0
TE_1416,1
TE_1417,0
TE_1418,0
TE_1419,0
TE_1420,0
TE_1421,0
TE_1422,0
TE_1423,0
TE_1424,0
TE_1425,0
TE_1426,0
TE_1427,1
TE_1428,0
TE_1429,0
TE_1430,0
TE_1431,0
TE_1432,0
TE_1433,1
TE_1434,0
TE_1435,1
TE_1436,0
TE_1437,0
TE_1438,0
TE_1439,0
TE_1440,1
TE_1441,0
TE_1442,1
TE_1443,1
TE_1444,0
TE_1445,0
TE_1446,0
TE_1447,0
TE_1448,0
TE_1449,0
TE_1450,0
TE_1451,0
TE_1452,0
TE_1453,0
TE_1454,0
TE_1455,0
TE_1456,0
TE_1457,1
TE_1458,0
TE_1459,0
TE_1460,0
TE_1461,1
TE_1462,0
TE_1463,0
TE_1464,0
TE_1465,0
TE_1466,0
TE_1467,0
TE_1468,1
TE_1469,1
TE_1470,0
TE_1471,0
TE_1472,0
TE_1473,0
TE_1474,0
TE_1475,0
TE_1476,0
TE_1477,0
TE_1478,0
TE_1479,0
TE_1480,0
TE_1481,0
TE_1482,0
TE_1483,0
TE_1484,0
TE_1485,0
TE_1486,0
TE_1487,0
TE_1488,0
TE_1489,0
TE_1490,1
TE_1491,0
TE_1492,0
TE_1493,1
TE_1494,0
TE_1495,0
TE_1496,0
TE_1497,0
TE_1498,0
TE_1499,0
TE_1500,0
TE_1501,0
TE_1502,0
TE_1503,0
TE_1504,0
TE_1505,0
TE_1506,0
TE_1507,0
TE_1508,0
TE_1509,0
TE_1510,0
TE_1511,0
TE_1512,1
TE_1513,0
TE_1514,0
TE_1515,0
TE_1516,0
TE_1517,0
TE_1518,0
TE_1519,0
TE_1520,0
TE_1521,0
TE_1522,0
TE_1523,0
TE_1524,0
TE_1525,0
TE_1526,1
TE_1527,0
TE_1528,0
TE_1529,0
TE_1530,0
TE_1531,0
TE_1532,0
TE_1533,0
TE_1534,0
TE_1535,0
TE_1536,1
TE_1537,1
TE_1538,0
TE_1539,0
TE_1540,0
TE_1541,0
TE_1542,0
TE_1543,0
TE_1544,0
TE_1545,0
TE_1546,0
TE_1547,1
TE_1548,0
TE_1549,0
TE_1550,1
TE_1551,0
TE_1552,0
TE_1553,0
TE_1554,0
TE_1555,1
TE_1556,0
TE_1557,0
TE_1558,0
TE_1559,0
TE_1560,0
TE_1561,1
TE_1562,1
TE_1563,0
TE_1564,0
TE_1565,0
TE_1566,1
TE_1567,0
TE_1568,0
TE_1569,0
TE_1570,1
TE_1571,0
TE_1572,0
TE_1573,0
TE_1574,1
TE_1575,0
TE_1576,0
TE_1577,1
TE_1578,0
TE_1579,1
TE_1580,0
TE_1581,0
TE_1582,0
TE_1583,0
TE_1584,0
TE_1585,0
TE_1586,0
TE_1587,0
TE_1588,1
TE_1589,0
TE_1590,0
TE_1591,0
TE_1592,1
TE_1593,1
TE_1594,0
TE_1595,0
TE_1596,0
TE_1597,0
TE_1598,0
TE_1599,0
TE_1600,0
TE_1601,0
TE_1602,1
TE_1603,1
TE_1604,0
TE_1605,0
TE_1606,0
TE_1607,1
TE_1608,0
TE_1609,0
TE_1610,0
TE_1611,0
TE_1612,0
TE_1613,0
TE_1614,0
TE_1615,0
TE_1616,0
TE_1617,0
TE_1618,1
TE_1619,0
TE_1620,0
TE_1621,0
TE_1622,0
TE_1623,0
TE_1624,0
TE_1625,1
TE_1626,0
TE_1627,0
TE_1628,0
TE_1629,0
TE_1630,0
TE_1631,1
TE_1632,1
TE_1633,0
TE_1634,0
TE_1635,0
TE_1636,0
TE_1637,0
TE_1638,0
TE_1639,0
TE_1640,0
TE_1641,0
TE_1642,1
TE_1643,0
TE_1644,0
TE_1645,0
TE_1646,1
TE_1647,1
TE_1648,0
TE_1649,0
TE_1650,1
TE_1651,1
TE_1652,0
TE_1653,0
TE_1654,0
TE_1655,0
TE_1656,0
TE_1657,1
TE_1658,0
TE_1659,0
TE_1660,0
TE_1661,1
TE_1662,0
TE_1663,0
TE_1664,0
TE_1665,1
TE_1666,0
TE_1667,1
TE_1668,0
TE_1669,0
TE_1670,0
TE_1671,0
TE_1672,0
TE_1673,0
TE_1674,0
TE_1675,0
TE_1676,0
TE_1677,0
TE_1678,0
TE_1679,0
TE_1680,0
TE_1681,0
TE_1682,0
TE_1683,0
TE_1684,1
TE_1685,0
TE_1686,0
TE_1687,1
TE_1688,0
TE_1689,0
TE_1690,0
TE_1691,0
TE_1692,0
TE_1693,0
TE_1694,0
TE_1695,0
TE_1696,0
TE_1697,0
TE_1698,1
TE_1699,0
TE_1700,0
TE_1701,0
TE_1702,0
TE_1703,0
TE_1704,0
TE_1705,1
TE_1706,0
TE_1707,1
TE_1708,0
TE_1709,0
TE_1710,0
TE_1711,0
TE_1712,0
TE_1713,1
TE_1714,0
TE_1715,0
TE_1716,0
TE_1717,0
TE_1718,0
TE_1719,0
TE_1720,0
TE_1721,0
TE_1722,0
TE_1723,0
TE_1724,0
TE_1725,0
TE_1726,0
TE_1727,0
TE_1728,0
TE_1729,0
TE_1730,0
TE_1731,0
TE_1732,0
TE_1733,0
TE_1734,0
TE_1735,0
TE_1736,0
TE_1737,0
TE_1738,0
TE_1739,0
TE_1740,0
TE_1741,1
TE_1742,1
TE_1743,0
TE_1744,0
TE_1745,0
TE_1746,0
TE_1747,0
TE_1748,0
TE_1749,0
TE_1750,0
TE_1751,0
TE_1752,1
TE_1753,0
TE_1754,0
TE_1755,0
TE_1756,1
TE_1757,0
TE_1758,0
TE_1759,0
TE_1760,1
TE_1761,0
TE_1762,1
TE_1763,1
TE_1764,1
TE_1765,0
TE_1766,0
TE_1767,0
TE_1768,0
TE_1769,0
TE_1770,0
TE_1771,1
TE_1772,0
TE_1773,0
TE_1774,0
TE_1775,0
TE_1776,1
TE_1777,0
TE_1778,0
TE_1779,1
TE_1780,0
TE_1781,0
TE_1782,0
TE_1783,0
TE_1784,0
TE_1785,0
TE_1786,0
TE_1787,1
TE_1788,0
TE_1789,0
TE_1790,0
TE_1791,0
TE_1792,0
TE_1793,1
TE_1794,1
TE_1795,0
TE_1796,0
TE_1797,0
TE_1798,0
TE_1799,1
TE_1800,0
TE_1801,0
TE_1802,0
TE_1803,0
TE_1804,0
TE_1805,0
TE_1806,0
TE_1807,0
TE_1808,0
TE_1809,0
TE_1810,1
TE_1811,0
TE_1812,0
TE_1813,0
TE_1814,0
TE_1815,0
TE_1816,1
TE_1817,1
TE_1818,0
TE_1819,0
TE_1820,1
TE_1821,1
TE_1822,0
TE_1823,0
TE_1824,1
TE_1825,0
TE_1826,0
TE_1827,0
TE_1828,0
TE_1829,0
TE_1830,0
TE_1831,0
TE_1832,0
TE_1833,0
TE_1834,0
TE_1835,0
TE_1836,0
TE_1837,0
TE_1838,0
TE_1839,0
TE_1840,1
TE_1841,0
TE_1842,0
TE_1843,0
TE_1844,0
TE_1845,0
TE_1846,1
TE_1847,0
TE_1848,0
TE_1849,0
TE_1850,0
TE_1851,0
TE_1852,1
TE_1853,0
TE_1854,0
TE_1855,0
TE_1856,1
TE_1857,0
TE_1858,0
TE_1859,0
TE_1860,1
TE_1861,1
TE_1862,0
TE_1863,0
TE_1864,0
TE_1865,1
TE_1866,1
TE_1867,0
TE_1868,0
TE_1869,0
TE_1870,1
TE_1871,0
TE_1872,0
TE_1873,0
TE_1874,0
TE_1875,0
TE_1876,0
TE_1877,0
TE_1878,0
TE_1879,0
TE_1880,0
TE_1881,0
TE_1882,0
TE_1883,0
TE_1884,1
TE_1885,1
TE_1886,0
TE_1887,1
TE_1888,1
TE_1889,0
TE_1890,0
TE_1891,0
TE_1892,1
TE_1893,0
TE_1894,0
TE_1895,0
TE_1896,0
TE_1897,0
TE_1898,0
TE_1899,1
TE_1900,0
TE_1901,0
TE_1902,0
TE_1903,0
TE_1904,0
TE_1905,0
TE_1906,0
TE_1907,0
TE_1908,0
TE_1909,1
TE_1910,0
TE_1911,0
TE_1912,0
TE_1913,0
TE_1914,1
TE_1915,1
TE_1916,1
TE_1917,0
TE_1918,0
TE_1919,0
TE_1920,1
TE_1921,0
TE_1922,0
TE_1923,0
TE_1924,0
TE_1925,1
TE_1926,1
TE_1927,0
TE_1928,0
TE_1929,0
TE_1930,0
TE_1931,0
TE_1932,0
TE_1933,1
TE_1934,0
TE_1935,0
TE_1936,0
TE_1937,0
TE_1938,1
TE_1939,1
TE_1940,0
TE_1941,0
TE_1942,0
TE_1943,0
TE_1944,0
TE_1945,0
TE_1946,0
TE_1947,0
TE_1948,0
TE_1949,0
TE_1950,1
TE_1951,0
TE_1952,0
TE_1953,0
TE_1954,0
TE_1955,0
TE_1956,0
TE_1957,0
TE_1958,0
TE_1959,1
TE_1960,0
TE_1961,0
TE_1962,1
TE_1963,0
TE_1964,1
TE_1965,0
TE_1966,0
TE_1967,0
TE_1968,0
TE_1969,0
TE_1970,0
TE_1971,1
TE_1972,0
TE_1973,0
TE_1974,0
TE_1975,0
TE_1976,0
TE_1977,0
TE_1978,0
TE_1979,0
TE_1980,0
TE_1981,0
TE_1982,0
TE_1983,1
TE_1984,0
TE_1985,0
TE_1986,1
TE_1987,0
TE_1988,0
TE_1989,1
TE_1990,0
TE_1991,0
TE_1992,0
TE_1993,0
TE_1994,0
TE_1995,1
TE_1996,0
TE_1997,1
TE_1998,0
TE_1999,0
TE_2000,0
TE_2001,0
TE_2002,0
TE_2003,0
TE_2004,0
TE_2005,0
TE_2006,1
TE_2007,0
TE_2008,1
TE_2009,0
TE_2010,0
TE_2011,0
TE_2012,0
TE_2013,0
TE_2014,0
TE_2015,0
TE_2016,0
TE_2017,0
TE_2018,0
TE_2019,0
TE_2020,0
TE_2021,0
TE_2022,0
TE_2023,0
TE_2024,0
TE_2025,0
TE_2026,0
TE_2027,0
TE_2028,0
TE_2029,0
TE_2030,1
TE_2031,0
TE_2032,0
TE_2033,1
TE_2034,0
TE_2035,0
TE_2036,0
TE_2037,0
TE_2038,0
TE_2039,1
TE_2040,0
TE_2041,0
TE_2042,0
TE_2043,0
TE_2044,0
TE_2045,0
TE_2046,0
TE_2047,0
TE_2048,0
TE_2049,0
TE_2050,0
TE_2051,1
TE_2052,0
TE_2053,1
TE_2054,0
TE_2055,0
TE_2056,0
TE_2057,0
TE_2058,0
TE_2059,0
TE_2060,0
TE_2061,0
TE_2062,0
TE_2063,0
TE_2064,0
TE_2065,0
TE_2066,0
TE_2067,0
TE_2068,0
TE_2069,1
TE_2070,1
TE_2071,1
TE_2072,1
TE_2073,0
TE_2074,1
TE_2075,0
TE_2076,0
TE_2077,0
TE_2078,1
TE_2079,0
TE_2080,0
TE_2081,1
TE_2082,0
TE_2083,1
TE_2084,0
TE_2085,0
TE_2086,0
TE_2087,0
TE_2088,1
TE_2089,0
TE_2090,0
TE_2091,0
TE_2092,0
TE_2093,0
TE_2094,0
TE_2095,0
TE_2096,0
TE_2097,0
TE_2098,1
TE_2099,1
TE_2100,0
TE_2101,0
TE_2102,0
TE_2103,0
TE_2104,0
TE_2105,0
TE_2106,0
TE_2107,0
TE_2108,1
TE_2109,0
TE_2110,1
TE_2111,0
TE_2112,0
TE_2113,0
TE_2114,0
TE_2115,0
TE_2116,0
TE_2117,0
TE_2118,0
TE_2119,0
TE_2120,0
TE_2121,0
TE_2122,0
TE_2123,0
TE_2124,0
TE_2125,0
TE_2126,0
TE_2127,0
TE_2128,0
TE_2129,0
TE_2130,0
TE_2131,0
TE_2132,1
TE_2133,0
TE_2134,0
TE_2135,0
TE_2136,0
TE_2137,0
TE_2138,0
TE_2139,0
TE_2140,1
TE_2141,0
TE_2142,0
TE_2143,0
TE_2144,0
TE_2145,0
TE_2146,1
TE_2147,1
TE_2148,0
TE_2149,0
TE_2150,1
TE_2151,0
TE_2152,0
TE_2153,0
TE_2154,0
TE_2155,1
TE_2156,0
TE_2157,0
TE_2158,0
TE_2159,0
TE_2160,0
TE_2161,0
TE_2162,0
TE_2163,0
TE_2164,1
TE_2165,0
TE_2166,0
TE_2167,1
TE_2168,0
TE_2169,0
TE_2170,0
TE_2171,0
TE_2172,0
TE_2173,1
TE_2174,1
TE_2175,0
TE_2176,1
TE_2177,0
TE_2178,1
TE_2179,0
TE_2180,0
TE_2181,0
TE_2182,0
TE_2183,0
TE_2184,0
TE_2185,0
TE_2186,0
TE_2187,1
TE_2188,0
TE_2189,0
TE_2190,1
TE_2191,0
TE_2192,0
TE_2193,0
TE_2194,0
TE_2195,0
TE_2196,0
TE_2197,0
TE_2198,1
TE_2199,0
TE_2200,0
TE_2201,1
TE_2202,0
TE_2203,0
TE_2204,0
TE_2205,0
TE_2206,0
TE_2207,0
TE_2208,0
TE_2209,0
TE_2210,0
TE_2211,0
TE_2212,0
TE_2213,0
TE_2214,0
TE_2215,0
TE_2216,0
TE_2217,0
TE_2218,0
TE_2219,1
TE_2220,0
TE_2221,0
TE_2222,0
TE_2223,0
TE_2224,1
TE_2225,0
TE_2226,0
TE_2227,1
TE_2228,0
TE_2229,0
TE_2230,1
TE_2231,0
TE_2232,0
TE_2233,0
TE_2234,0
TE_2235,0
TE_2236,0
TE_2237,0
TE_2238,0
TE_2239,0
TE_2240,0
TE_2241,0
TE_2242,0
TE_2243,0
TE_2244,0
TE_2245,0
TE_2246,0
TE_2247,0
TE_2248,1
TE_2249,0
TE_2250,0
TE_2251,0
TE_2252,0
TE_2253,1
TE_2254,0
TE_2255,0
TE_2256,1
TE_2257,0
TE_2258,0
TE_2259,0
TE_2260,0
TE_2261,0
TE_2262,0
TE_2263,1
TE_2264,0
TE_2265,0
TE_2266,0
TE_2267,0
TE_2268,0
TE_2269,0
TE_2270,0
TE_2271,1
TE_2272,0
TE_2273,0
TE_2274,0
TE_2275,1
TE_2276,0
TE_2277,0
TE_2278,0
TE_2279,1
TE_2280,1
TE_2281,0
TE_2282,1
TE_2283,0
TE_2284,0
TE_2285,0
TE_2286,0
TE_2287,0
TE_2288,1
TE_2289,0
TE_2290,0
TE_2291,0
TE_2292,0
TE_2293,0
TE_2294,1
TE_2295,0
TE_2296,0
TE_2297,0
TE_2298,1
TE_2299,0
TE_2300,0
TE_2301,0
TE_2302,0
TE_2303,0
TE_2304,0
TE_2305,0
TE_2306,0
TE_2307,0
TE_2308,0
TE_2309,1
TE_2310,0
TE_2311,0
TE_2312,0
TE_2313,0
TE_2314,0
TE_2315,0
TE_2316,1
TE_2317,0
TE_2318,0
TE_2319,0
TE_2320,0
TE_2321,0
TE_2322,0
TE_2323,0
TE_2324,0
TE_2325,0
TE_2326,0
TE_2327,0
TE_2328,0
TE_2329,0
TE_2330,1
TE_2331,0
TE_2332,1
TE_2333,0
TE_2334,0
TE_2335,1
TE_2336,0
TE_2337,0
TE_2338,0
TE_2339,0
TE_2340,0
TE_2341,0
TE_2342,1
TE_2343,1
TE_2344,1
TE_2345,0
TE_2346,0
TE_2347,0
TE_2348,0
TE_2349,0
TE_2350,0
TE_2351,1
TE_2352,0
TE_2353,0
TE_2354,0
TE_2355,0
TE_2356,0
TE_2357,0
TE_2358,1
TE_2359,1
TE_2360,0
TE_2361,0
TE_2362,0
TE_2363,1
TE_2364,1
TE_2365,0
TE_2366,0
TE_2367,0
TE_2368,1
TE_2369,0
TE_2370,0
TE_2371,0
TE_2372,0
TE_2373,0
TE_2374,0
TE_2375,1
TE_2376,0
TE_2377,0
TE_2378,0
TE_2379,0
TE_2380,0
TE_2381,0
TE_2382,0
TE_2383,0
TE_2384,0
TE_2385,0
TE_2386,0
TE_2387,0
TE_2388,0
TE_2389,0
TE_2390,0
TE_2391,1
TE_2392,0
TE_2393,0
TE_2394,0
TE_2395,0
TE_2396,0
TE_2397,0
TE_2398,0
TE_2399,0
TE_2400,1
TE_2401,1
TE_2402,0
TE_2403,1
TE_2404,1
TE_2405,0
TE_2406,0
TE_2407,1
TE_2408,0
TE_2409,0
TE_2410,0
TE_2411,0
TE_2412,1
TE_2413,0
TE_2414,1
TE_2415,0
TE_2416,0
TE_2417,0
TE_2418,1
TE_2419,0
TE_2420,1
TE_2421,0
TE_2422,0
TE_2423,1
TE_2424,0
TE_2425,0
TE_2426,0
TE_2427,0
TE_2428,0
TE_2429,0
TE_2430,0
TE_2431,0
TE_2432,0
TE_2433,0
TE_2434,0
TE_2435,0
TE_2436,0
TE_2437,0
TE_2438,0
TE_2439,0
TE_2440,0
TE_2441,0
TE_2442,0
TE_2443,0
TE_2444,1
TE_2445,1
TE_2446,0
TE_2447,0
TE_2448,0
TE_2449,1
TE_2450,1
TE_2451,1
TE_2452,0
TE_2453,0
TE_2454,0
TE_2455,0
TE_2456,0
TE_2457,0
TE_2458,0
TE_2459,0
TE_2460,0
TE_2461,1
TE_2462,0
TE_2463,0
TE_2464,0
TE_2465,0
TE_2466,0
TE_2467,0
TE_2468,0
TE_2469,0
TE_2470,0
TE_2471,1
TE_2472,1
TE_2473,0
TE_2474,0
TE_2475,0
TE_2476,0
TE_2477,0
TE_2478,0
TE_2479,0
TE_2480,0
TE_2481,0
TE_2482,0
TE_2483,0
TE_2484,1
TE_2485,0
TE_2486,1
TE_2487,1
TE_2488,1
TE_2489,1
TE_2490,0
TE_2491,0
TE_2492,0
TE_2493,1
TE_2494,0
TE_2495,0
TE_2496,0
TE_2497,0
TE_2498,0
TE_2499,1
TE_2500,0
TE_2501,0
TE_2502,0
TE_2503,1
TE_2504,0
TE_2505,0
TE_2506,1
TE_2507,0
TE_2508,0
TE_2509,0
TE_2510,1
TE_2511,0
TE_2512,0
TE_2513,0
TE_2514,0
TE_2515,0
TE_2516,0
TE_2517,0
TE_2518,0
TE_2519,0
TE_2520,0
TE_2521,0
TE_2522,1
TE_2523,0
TE_2524,0
TE_2525,0
TE_2526,0
TE_2527,0
TE_2528,0
TE_2529,1
TE_2530,0
TE_2531,1
TE_2532,0
TE_2533,0
TE_2534,1
TE_2535,0
TE_2536,0
TE_2537,0
TE_2538,1
TE_2539,0
TE_2540,0
TE_2541,0
TE_2542,0
TE_2543,1
TE_2544,0
TE_2545,0
TE_2546,0
TE_2547,1
TE_2548,0
TE_2549,0
TE_2550,1
TE_2551,0
TE_2552,1
TE_2553,0
TE_2554,0
TE_2555,0
TE_2556,0
TE_2557,0
TE_2558,0
TE_2559,1
TE_2560,0
TE_2561,0
TE_2562,1
TE_2563,0
TE_2564,0
TE_2565,0
TE_2566,0
TE_2567,0
TE_2568,0
TE_2569,0
TE_2570,0
TE_2571,1
TE_2572,0
TE_2573,1
TE_2574,0
TE_2575,0
TE_2576,0
TE_2577,0
TE_2578,0
TE_2579,0
TE_2580,0
TE_2581,0
TE_2582,0
TE_2583,0
TE_2584,0
TE_2585,0
TE_2586,1
TE_2587,0
TE_2588,0
TE_2589,0
TE_2590,0
TE_2591,1
TE_2592,0
TE_2593,0
TE_2594,1
TE_2595,0
TE_2596,0
TE_2597,1
TE_2598,0
TE_2599,0
TE_2600,0
TE_2601,0
TE_2602,1
TE_2603,0
TE_2604,0
TE_2605,0
TE_2606,0
TE_2607,0
TE_2608,0
TE_2609,1
TE_2610,1
TE_2611,0
TE_2612,0
TE_2613,1
TE_2614,0
TE_2615,0
TE_2616,0
TE_2617,0
TE_2618,0
TE_2619,0
TE_2620,0
TE_2621,0
TE_2622,0
TE_2623,1
TE_2624,0
TE_2625,0
TE_2626,0
TE_2627,0
TE_2628,1
TE_2629,0
TE_2630,0
TE_2631,0
TE_2632,0
TE_2633,0
TE_2634,0
TE_2635,0
TE_2636,0
TE_2637,0
TE_2638,0
TE_2639,0
TE_2640,0
TE_2641,0
TE_2642,0
TE_2643,0
TE_2644,0
TE_2645,0
TE_2646,0
TE_2647,0
TE_2648,1
TE_2649,0
TE_2650,1
TE_2651,0
TE_2652,1
TE_2653,0
TE_2654,0
TE_2655,0
TE_2656,0
TE_2657,0
TE_2658,0
TE_2659,0
TE_2660,1
TE_2661,0
TE_2662,0
TE_2663,0
TE_2664,0
TE_2665,0
TE_2666,0
TE_2667,0
TE_2668,0
TE_2669,0
TE_2670,0
TE_2671,0
TE_2672,1
TE_2673,0
TE_2674,0
TE_2675,0
TE_2676,0
TE_2677,1
TE_2678,1
TE_2679,0
TE_2680,0
TE_2681,0
TE_2682,0
TE_2683,1
TE_2684,0
TE_2685,0
TE_2686,0
TE_2687,0
TE_2688,0
TE_2689,1
TE_2690,0
TE_2691,1
TE_2692,0
TE_2693,1
TE_2694,0
TE_2695,0
TE_2696,1
TE_2697,0
TE_2698,0
TE_2699,1
TE_2700,0
TE_2701,0
TE_2702,0
TE_2703,0
TE_2704,0
TE_2705,0
TE_2706,0
TE_2707,0
TE_2708,1
TE_2709,0
TE_2710,0
TE_2711,1
TE_2712,0
TE_2713,1
TE_2714,1
TE_2715,0
TE_2716,1
TE_2717,0
TE_2718,0
TE_2719,0
TE_2720,0
TE_2721,0
TE_2722,0
TE_2723,0
TE_2724,0
TE_2725,0
TE_2726,0
TE_2727,0
TE_2728,0
TE_2729,0
TE_2730,0
TE_2731,0
TE_2732,0
TE_2733,0
TE_2734,0
TE_2735,0
TE_2736,0
TE_2737,0
TE_2738,0
TE_2739,0
TE_2740,0
TE_2741,0
TE_2742,1
TE_2743,1
TE_2744,1
TE_2745,0
TE_2746,0
TE_2747,0
TE_2748,0
TE_2749,0
TE_2750,0
TE_2751,0
TE_2752,0
TE_2753,0
TE_2754,0
TE_2755,0
TE_2756,0
TE_2757,0
TE_2758,0
TE_2759,0
TE_2760,0
TE_2761,0
TE_2762,0
TE_2763,0
TE_2764,0
TE_2765,0
TE_2766,0
TE_2767,0
TE_2768,1
TE_2769,0
TE_2770,0
TE_2771,0
TE_2772,1
TE_2773,0
TE_2774,0
TE_2775,0
TE_2776,0
TE_2777,0
TE_2778,0
TE_2779,0
TE_2780,0
TE_2781,1
TE_2782,0
TE_2783,0
TE_2784,0
TE_2785,0
TE_2786,0
TE_2787,1
TE_2788,0
TE_2789,0
TE_2790,1
TE_2791,1
TE_2792,0
TE_2793,0
TE_2794,0
TE_2795,0
TE_2796,0
TE_2797,0
TE_2798,0
TE_2799,1
TE_2800,1
TE_2801,0
TE_2802,0
TE_2803,0
TE_2804,1
TE_2805,0
TE_2806,0
TE_2807,0
TE_2808,1
TE_2809,1
TE_2810,1
TE_2811,1
TE_2812,0
TE_2813,1
TE_2814,1
TE_2815,0
TE_2816,0
TE_2817,0
TE_2818,0
TE_2819,0
TE_2820,0
TE_2821,0
TE_2822,1
TE_2823,0
TE_2824,0
TE_2825,0
TE_2826,0
TE_2827,0
TE_2828,0
TE_2829,0
TE_2830,1
TE_2831,1
TE_2832,0
TE_2833,0
TE_2834,0
TE_2835,0
TE_2836,0
TE_2837,0
TE_2838,0
TE_2839,0
TE_2840,1
TE_2841,0
TE_2842,0
TE_2843,0
TE_2844,0
TE_2845,0
TE_2846,0
TE_2847,0
TE_2848,0
TE_2849,1
TE_2850,0
TE_2851,0
TE_2852,0
TE_2853,0
TE_2854,0
TE_2855,0
TE_2856,0
TE_2857,0
TE_2858,1
TE_2859,0
TE_2860,1
TE_2861,0
TE_2862,0
TE_2863,0
TE_2864,0
TE_2865,1
TE_2866,0
TE_2867,1
TE_2868,0
TE_2869,0
TE_2870,0
TE_2871,0
TE_2872,0
TE_2873,0
TE_2874,0
TE_2875,0
TE_2876,0
TE_2877,0
TE_2878,0
TE_2879,1
TE_2880,0
TE_2881,1
TE_2882,0
TE_2883,0
TE_2884,0
TE_2885,1
TE_2886,0
TE_2887,0
TE_2888,0
TE_2889,0
TE_2890,0
TE_2891,0
TE_2892,1
TE_2893,0
TE_2894,0
TE_2895,0
TE_2896,0
TE_2897,1
TE_2898,0
TE_2899,1
TE_2900,0
TE_2901,0
TE_2902,0
TE_2903,0
TE_2904,0
TE_2905,1
TE_2906,0
TE_2907,0
TE_2908,0
TE_2909,0
TE_2910,0
TE_2911,0
TE_2912,0
TE_2913,0
TE_2914,0
TE_2915,0
TE_2916,0
TE_2917,0
TE_2918,0
TE_2919,0
TE_2920,0
TE_2921,1
TE_2922,0
TE_2923,0
TE_2924,0
TE_2925,0
TE_2926,0
TE_2927,0
TE_2928,0
TE_2929,0
TE_2930,1
TE_2931,1
TE_2932,0
TE_2933,0
TE_2934,0
TE_2935,0
TE_2936,0
TE_2937,1
TE_2938,1
TE_2939,0
TE_2940,0
TE_2941,0
TE_2942,0
TE_2943,0
TE_2944,1
TE_2945,0
TE_2946,1
TE_2947,0
TE_2948,0
TE_2949,0
TE_2950,0
TE_2951,0
TE_2952,0
TE_2953,0
TE_2954,0
TE_2955,0
TE_2956,0
TE_2957,0
TE_2958,0
TE_2959,0
TE_2960,0
TE_2961,0
TE_2962,0
TE_2963,0
TE_2964,0
TE_2965,1
TE_2966,0
TE_2967,1
TE_2968,0
TE_2969,0
TE_2970,0
TE_2971,0
TE_2972,0
TE_2973,0
TE_2974,0
TE_2975,0
TE_2976,0
TE_2977,0
TE_2978,0
TE_2979,0
TE_2980,0
TE_2981,0
TE_2982,0
TE_2983,0
TE_2984,0
TE_2985,0
TE_2986,0
TE_2987,1
TE_2988,1
TE_2989,1
TE_2990,1
TE_2991,0
TE_2992,0
TE_2993,0
TE_2994,1
TE_2995,0
TE_2996,0
TE_2997,0
TE_2998,0
TE_2999,0
TE_3000,0
TE_3001,1
TE_3002,0
TE_3003,0
TE_3004,0
TE_3005,0
TE_3006,0
TE_3007,0
TE_3008,0
TE_3009,0
TE_3010,0
TE_3011,0
TE_3012,1
TE_3013,0
TE_3014,0
TE_3015,0
TE_3016,1
TE_3017,0
TE_3018,1
TE_3019,0
TE_3020,0
TE_3021,1
TE_3022,0
TE_3023,1
TE_3024,0
TE_3025,0
TE_3026,0
TE_3027,0
TE_3028,0
TE_3029,1
TE_3030,0
TE_3031,0
TE_3032,0
TE_3033,0
TE_3034,0
TE_3035,1
TE_3036,0
TE_3037,1
TE_3038,0
TE_3039,0
TE_3040,0
TE_3041,1
TE_3042,0
TE_3043,1
TE_3044,0
TE_3045,0
TE_3046,1
TE_3047,0
TE_3048,0
TE_3049,0
TE_3050,0
TE_3051,0
TE_3052,1
TE_3053,0
TE_3054,0
TE_3055,0
TE_3056,0
TE_3057,0
TE_3058,0
TE_3059,0
TE_3060,0
TE_3061,0
TE_3062,0
TE_3063,0
TE_3064,0
TE_3065,0
TE_3066,0
TE_3067,0
TE_3068,0
TE_3069,0
TE_3070,0
TE_3071,1
TE_3072,0
TE_3073,0
TE_3074,0
TE_3075,0
TE_3076,0
TE_3077,1
TE_3078,0
TE_3079,0
TE_3080,0
TE_3081,0
TE_3082,0
TE_3083,0
TE_3084,0
TE_3085,0
TE_3086,0
TE_3087,0
TE_3088,0
TE_3089,0
TE_3090,0
TE_3091,0
TE_3092,0
TE_3093,1
TE_3094,0
TE_3095,1
TE_3096,1
TE_3097,0
TE_3098,0
TE_3099,0
TE_3100,0
TE_3101,0
TE_3102,0
TE_3103,0
TE_3104,0
TE_3105,1
TE_3106,1
TE_3107,1
TE_3108,0
TE_3109,0
TE_3110,0
TE_3111,0
TE_3112,0
TE_3113,0
TE_3114,1
TE_3115,0
TE_3116,0
TE_3117,0
TE_3118,0
TE_3119,0
TE_3120,0
TE_3121,0
TE_3122,0
TE_3123,1
TE_3124,1
TE_3125,0
TE_3126,0
TE_3127,1
TE_3128,0
TE_3129,0
TE_3130,1
TE_3131,0
TE_3132,0
TE_3133,0
TE_3134,0
TE_3135,0
TE_3136,0
TE_3137,0
TE_3138,0
TE_3139,0
TE_3140,1
TE_3141,1
TE_3142,0
TE_3143,1
TE_3144,0
TE_3145,0
TE_3146,0
TE_3147,0
TE_3148,1
TE_3149,1
TE_3150,1
TE_3151,0
TE_3152,0
TE_3153,0
TE_3154,0
TE_3155,0
TE_3156,0
TE_3157,0
TE_3158,0
TE_3159,0
TE_3160,0
TE_3161,0
TE_3162,0
TE_3163,0
TE_3164,1
TE_3165,0
TE_3166,0
TE_3167,0
TE_3168,0
TE_3169,0
TE_3170,1
TE_3171,0
TE_3172,0
TE_3173,0
TE_3174,0
TE_3175,0
TE_3176,0
TE_3177,0
TE_3178,0
TE_3179,0
TE_3180,0
TE_3181,0
TE_3182,0
TE_3183,0
TE_3184,0
TE_3185,1
TE_3186,0
TE_3187,0
TE_3188,1
TE_3189,1
TE_3190,0
TE_3191,0
TE_3192,0
TE_3193,0
TE_3194,0
TE_3195,0
TE_3196,0
TE_3197,1
TE_3198,0
TE_3199,0
TE_3200,0
TE_3201,0
TE_3202,1
TE_3203,0
TE_3204,0
TE_3205,0
TE_3206,1
TE_3207,1
TE_3208,0
TE_3209,0
TE_3210,0
TE_3211,1
TE_3212,0
TE_3213,0
TE_3214,1
TE_3215,0
TE_3216,0
TE_3217,0
TE_3218,1
TE_3219,0
TE_3220,1
TE_3221,0
TE_3222,0
TE_3223,0
TE_3224,0
TE_3225,0
TE_3226,0
TE_3227,0
TE_3228,0
TE_3229,0
TE_3230,0
TE_3231,1
TE_3232,0
TE_3233,0
TE_3234,0
TE_3235,1
TE_3236,0
TE_3237,0
TE_3238,0
TE_3239,0
TE_3240,1
TE_3241,0
TE_3242,1
TE_3243,1
TE_3244,0
TE_3245,0
TE_3246,0
TE_3247,0
TE_3248,0
TE_3249,0
TE_3250,0
TE_3251,0
TE_3252,1
TE_3253,0
TE_3254,0
TE_3255,0
TE_3256,0
TE_3257,0
TE_3258,0
TE_3259,0
TE_3260,1
TE_3261,1
TE_3262,0
TE_3263,0
TE_3264,0
TE_3265,0
TE_3266,0
TE_3267,0
TE_3268,0
TE_3269,0
TE_3270,0
TE_3271,0
TE_3272,0
TE_3273,1
TE_3274,1
TE_3275,0
TE_3276,1
TE_3277,0
TE_3278,1
TE_3279,0
TE_3280,0
TE_3281,0
TE_3282,0
TE_3283,0
TE_3284,1
TE_3285,0
TE_3286,0
TE_3287,1
TE_3288,0
TE_3289,0
TE_3290,0
TE_3291,0
TE_3292,0
TE_3293,0
TE_3294,0
TE_3295,1
TE_3296,0
TE_3297,0
TE_3298,0
TE_3299,0
TE_3300,0
TE_3301,0
TE_3302,0
TE_3303,0
TE_3304,0
TE_3305,0
TE_3306,0
TE_3307,1
TE_3308,0
TE_3309,0
TE_3310,0
TE_3311,0
TE_3312,0
TE_3313,0
TE_3314,0
TE_3315,0
TE_3316,0
TE_3317,1
TE_3318,0
TE_3319,0
TE_3320,0
TE_3321,0
TE_3322,0
TE_3323,1
TE_3324,0
TE_3325,0
TE_3326,0
TE_3327,1
TE_3328,0
TE_3329,0
TE_3330,1
TE_3331,0
TE_3332,0
TE_3333,0
TE_3334,0
TE_3335,0
TE_3336,0
TE_3337,0
TE_3338,0
TE_3339,0
TE_3340,0
TE_3341,0
TE_3342,0
TE_3343,0
TE_3344,1
TE_3345,1
TE_3346,0
TE_3347,1
TE_3348,1
TE_3349,0
TE_3350,0
TE_3351,0
TE_3352,0
TE_3353,0
TE_3354,0
TE_3355,1
TE_3356,0
TE_3357,1
TE_3358,0
TE_3359,1
TE_3360,0
TE_3361,0
TE_3362,0
TE_3363,0
TE_3364,0
TE_3365,0
TE_3366,0
TE_3367,0
TE_3368,1
TE_3369,0
TE_3370,0
TE_3371,1
TE_3372,0
TE_3373,1
TE_3374,0
TE_3375,0
TE_3376,0
TE_3377,0
TE_3378,0
TE_3379,0
TE_3380,0
TE_3381,0
TE_3382,0
TE_3383,0
TE_3384,0
TE_3385,1
TE_3386,0
TE_3387,0
TE_3388,1
TE_3389,1
TE_3390,0
TE_3391,0
TE_3392,0
TE_3393,0
TE_3394,0
TE_3395,0
TE_3396,0
TE_3397,0
TE_3398,0
TE_3399,1
TE_3400,0
TE_3401,0
TE_3402,0
TE_3403,0
TE_3404,0
TE_3405,0
TE_3406,1
TE_3407,0
TE_3408,0
TE_3409,0
TE_3410,0
TE_3411,0
TE_3412,0
TE_3413,0
TE_3414,0
TE_3415,0
TE_3416,0
TE_3417,0
TE_3418,0
TE_3419,1
TE_3420,1
TE_3421,0
TE_3422,0
TE_3423,1
TE_3424,0
TE_3425,0
TE_3426,0
TE_3427,0
TE_3428,0
TE_3429,0
TE_3430,0
TE_3431,0
TE_3432,1
TE_3433,0
TE_3434,1
TE_3435,0
TE_3436,0
TE_3437,0
TE_3438,0
TE_3439,1
TE_3440,1
TE_3441,0
TE_3442,0
TE_3443,0
TE_3444,0
TE_3445,0
TE_3446,0
TE_3447,0
TE_3448,0
TE_3449,0
TE_3450,0
TE_3451,0
TE_3452,0
TE_3453,0
TE_3454,0
TE_3455,0
TE_3456,1
TE_3457,0
TE_3458,0
TE_3459,1
TE_3460,0
TE_3461,0
TE_3462,0
TE_3463,0
TE_3464,0
TE_3465,0
TE_3466,0
TE_3467,0
TE_3468,0
TE_3469,1
TE_3470,1
TE_3471,1
TE_3472,1
TE_3473,0
TE_3474,0
TE_3475,0
TE_3476,0
TE_3477,0
TE_3478,0
TE_3479,0
TE_3480,0
TE_3481,1
TE_3482,0
TE_3483,1
TE_3484,1
TE_3485,0
TE_3486,0
TE_3487,0
TE_3488,0
TE_3489,0
TE_3490,0
TE_3491,0
TE_3492,0
TE_3493,0
TE_3494,1
TE_3495,0
TE_3496,1
TE_3497,0
TE_3498,1
TE_3499,1
TE_3500,0
TE_3501,0
TE_3502,0
TE_3503,0
TE_3504,0
TE_3505,0
TE_3506,0
TE_3507,1
TE_3508,0
TE_3509,0
TE_3510,1
TE_3511,0
TE_3512,0
TE_3513,1
TE_3514,0
TE_3515,1
TE_3516,0
TE_3517,0
TE_3518,0
TE_3519,0
TE_3520,1
TE_3521,1
TE_3522,0
TE_3523,0
TE_3524,0
TE_3525,0
TE_3526,0
TE_3527,0
TE_3528,0
TE_3529,0
TE_3530,1
TE_3531,0
TE_3532,0
TE_3533,0
TE_3534,0
TE_3535,0
TE_3536,1
TE_3537,0
TE_3538,0
TE_3539,0
TE_3540,0
TE_3541,0
TE_3542,0
TE_3543,0
TE_3544,0
TE_3545,1
TE_3546,0
TE_3547,0
TE_3548,0
TE_3549,0
TE_3550,0
TE_3551,1
TE_3552,0
TE_3553,1
TE_3554,1
TE_3555,0
TE_3556,0
TE_3557,0
TE_3558,0
TE_3559,0
TE_3560,0
TE_3561,0
TE_3562,0
TE_3563,0
TE_3564,1
TE_3565,0
TE_3566,0
TE_3567,0
TE_3568,0
TE_3569,1
TE_3570,0
TE_3571,0
TE_3572,0
TE_3573,0
TE_3574,0
TE_3575,0
TE_3576,0
TE_3577,0
TE_3578,0
TE_3579,0
TE_3580,1
TE_3581,1
TE_3582,0
TE_3583,0
TE_3584,1
TE_3585,0
TE_3586,0
TE_3587,1
TE_3588,0
TE_3589,1
TE_3590,0
TE_3591,0
TE_3592,0
TE_3593,0
TE_3594,0
TE_3595,0
TE_3596,0
TE_3597,0
TE_3598,0
TE_3599,0
TE_3600,1
TE_3601,0
TE_3602,0
TE_3603,0
TE_3604,0
TE_3605,0
TE_3606,0
TE_3607,0
TE_3608,0
TE_3609,1
TE_3610,0
TE_3611,0
TE_3612,0
TE_3613,0
TE_3614,0
TE_3615,0
TE_3616,0
TE_3617,0
TE_3618,0
TE_3619,1
TE_3620,1
TE_3621,1
TE_3622,1
TE_3623,0
TE_3624,0
TE_3625,0
TE_3626,0
TE_3627,0
TE_3628,0
TE_3629,0
TE_3630,1
TE_3631,0
TE_3632,1
TE_3633,1
TE_3634,0
TE_3635,0
TE_3636,0
TE_3637,0
TE_3638,0
TE_3639,0
TE_3640,0
TE_3641,1
TE_3642,0
TE_3643,0
TE_3644,0
TE_3645,1
TE_3646,0
TE_3647,0
TE_3648,1
TE_3649,0
TE_3650,0
TE_3651,0
TE_3652,0
TE_3653,0
TE_3654,0
TE_3655,0
TE_3656,0
TE_3657,0
TE_3658,1
TE_3659,0
TE_3660,0
TE_3661,0
TE_3662,1
TE_3663,0
TE_3664,0
TE_3665,0
TE_3666,0
TE_3667,0
TE_3668,0
TE_3669,0
TE_3670,0
TE_3671,0
TE_3672,0
TE_3673,0
TE_3674,0
TE_3675,0
TE_3676,0
TE_3677,0
TE_3678,0
TE_3679,0
TE_3680,0
TE_3681,0
TE_3682,0
TE_3683,0
TE_3684,1
TE_3685,0
TE_3686,1
TE_3687,0
TE_3688,1
TE_3689,0
TE_3690,0
TE_3691,0
TE_3692,1
TE_3693,0
TE_3694,0
TE_3695,0
TE_3696,0
TE_3697,0
TE_3698,0
TE_3699,1
TE_3700,0
TE_3701,0
TE_3702,0
TE_3703,1
TE_3704,0
TE_3705,0
TE_3706,0
TE_3707,0
TE_3708,0
TE_3709,0
TE_3710,0
TE_3711,0
TE_3712,0
TE_3713,0
TE_3714,0
TE_3715,0
TE_3716,0
TE_3717,0
TE_3718,0
TE_3719,0
TE_3720,0
TE_3721,1
TE_3722,0
TE_3723,1
TE_3724,1
TE_3725,0
TE_3726,0
TE_3727,0
TE_3728,1
TE_3729,0
TE_3730,0
TE_3731,0
TE_3732,0
TE_3733,0
TE_3734,1
TE_3735,0
TE_3736,0
TE_3737,0
TE_3738,0
TE_3739,0
TE_3740,1
TE_3741,0
TE_3742,0
TE_3743,0
TE_3744,0
TE_3745,0
TE_3746,0
TE_3747,0
TE_3748,0
TE_3749,0
TE_3750,0
TE_3751,0
TE_3752,1
TE_3753,1
TE_3754,0
TE_3755,0
TE_3756,1
TE_3757,0
TE_3758,0
TE_3759,0
TE_3760,0
TE_3761,0
TE_3762,0
TE_3763,0
TE_3764,0
TE_3765,1
TE_3766,0
TE_3767,1
TE_3768,1
TE_3769,0
TE_3770,0
TE_3771,0
TE_3772,0
TE_3773,1
TE_3774,0
TE_3775,1
TE_3776,0
TE_3777,0
TE_3778,0
TE_3779,0
TE_3780,0
TE_3781,0
TE_3782,0
TE_3783,0
TE_3784,0
TE_3785,0
TE_3786,0
TE_3787,0
TE_3788,1
TE_3789,0
TE_3790,0
TE_3791,1
TE_3792,0
TE_3793,0
TE_3794,1
TE_3795,0
TE_3796,0
TE_3797,1
TE_3798,1
TE_3799,0
TE_3800,1
TE_3801,0
TE_3802,1
TE_3803,0
TE_3804,1
TE_3805,0
TE_3806,0
TE_3807,0
TE_3808,0
TE_3809,0
TE_3810,0
TE_3811,0
TE_3812,0
TE_3813,0
TE_3814,0
TE_3815,0
TE_3816,0
TE_3817,0
TE_3818,1
TE_3819,0
TE_3820,0
TE_3821,0
TE_3822,0
TE_3823,0
TE_3824,1
TE_3825,0
TE_3826,0
TE_3827,0
TE_3828,0
TE_3829,0
TE_3830,0
TE_3831,0
TE_3832,0
TE_3833,0
TE_3834,1
TE_3835,1
TE_3836,0
TE_3837,0
TE_3838,0
TE_3839,0
TE_3840,0
TE_3841,0
TE_3842,0
TE_3843,1
TE_3844,1
TE_3845,0
TE_3846,1
TE_3847,0
TE_3848,1
TE_3849,0
TE_3850,0
TE_3851,0
TE_3852,1
TE_3853,0
TE_3854,1
TE_3855,0
TE_3856,0
TE_3857,0
TE_3858,0
TE_3859,0
TE_3860,0
TE_3861,0
TE_3862,0
TE_3863,0
TE_3864,0
TE_3865,1
TE_3866,0
TE_3867,0
TE_3868,0
TE_3869,1
TE_3870,1
TE_3871,0
TE_3872,0
TE_3873,0
TE_3874,0
TE_3875,0
TE_3876,0
TE_3877,0
TE_3878,0
TE_3879,1
TE_3880,0
TE_3881,0
TE_3882,1
TE_3883,1
TE_3884,0
TE_3885,0
TE_3886,0
TE_3887,0
TE_3888,0
TE_3889,0
TE_3890,1
TE_3891,0
TE_3892,0
TE_3893,1
TE_3894,1
TE_3895,0
TE_3896,0
TE_3897,0
TE_3898,0
TE_3899,0
TE_3900,0
TE_3901,1
TE_3902,0
TE_3903,0
TE_3904,0
TE_3905,0
TE_3906,0
TE_3907,0
TE_3908,0
TE_3909,0
TE_3910,0
TE_3911,0
TE_3912,0
TE_3913,0
TE_3914,1
TE_3915,0
TE_3916,0
TE_3917,0
TE_3918,0
TE_3919,0
TE_3920,0
TE_3921,0
TE_3922,0
TE_3923,0
TE_3924,0
TE_3925,0
TE_3926,1
TE_3927,0
TE_3928,0
TE_3929,1
TE_3930,0
TE_3931,0
TE_3932,0
TE_3933,0
TE_3934,0
TE_3935,1
TE_3936,1
TE_3937,0
TE_3938,1
TE_3939,0
TE_3940,0
TE_3941,1
TE_3942,1
TE_3943,0
TE_3944,0
TE_3945,1
TE_3946,0
TE_3947,0
TE_3948,0
TE_3949,0
TE_3950,0
TE_3951,0
TE_3952,0
TE_3953,0
TE_3954,0
TE_3955,0
TE_3956,0
TE_3957,0
TE_3958,1
TE_3959,0
TE_3960,1
TE_3961,1
TE_3962,0
TE_3963,0
TE_3964,0
TE_3965,1
TE_3966,0
TE_3967,1
TE_3968,0
TE_3969,0
TE_3970,0
TE_3971,0
TE_3972,0
TE_3973,0
TE_3974,0
TE_3975,0
TE_3976,0
TE_3977,0
TE_3978,0
TE_3979,0
TE_3980,0
TE_3981,0
TE_3982,0
TE_3983,0
TE_3984,0
TE_3985,1
TE_3986,0
TE_3987,0
TE_3988,0
TE_3989,0
TE_3990,0
TE_3991,0
TE_3992,0
TE_3993,0
TE_3994,0
TE_3995,0
TE_3996,0
TE_3997,1
TE_3998,0
TE_3999,0
TE_4000,0
TE_4001,0
TE_4002,0
TE_4003,0
TE_4004,0
TE_4005,0
TE_4006,0
TE_4007,0
TE_4008,0
TE_4009,0
TE_4010,0
TE_4011,1
TE_4012,0
TE_4013,0
TE_4014,0
TE_4015,0
TE_4016,0
TE_4017,0
TE_4018,1
TE_4019,0
TE_4020,0
TE_4021,1
TE_4022,1
TE_4023,0
TE_4024,0
TE_4025,0
TE_4026,1
TE_4027,0
TE_4028,0
TE_4029,0
TE_4030,0
TE_4031,1
TE_4032,1
TE_4033,0
TE_4034,0
TE_4035,0
TE_4036,0
TE_4037,1
TE_4038,0
TE_4039,0
TE_4040,0
TE_4041,0
TE_4042,0
TE_4043,0
TE_4044,0
TE_4045,0
TE_4046,0
TE_4047,1
TE_4048,0
TE_4049,0
TE_4050,0
TE_4051,0
TE_4052,0
TE_4053,0
TE_4054,0
TE_4055,0
TE_4056,0
TE_4057,0
TE_4058,0
TE_4059,0
TE_4060,0
TE_4061,0
TE_4062,1
TE_4063,0
TE_4064,0
TE_4065,0
TE_4066,0
TE_4067,1
TE_4068,0
TE_4069,0
TE_4070,0
TE_4071,0
TE_4072,0
TE_4073,0
TE_4074,0
TE_4075,0
TE_4076,0
TE_4077,0
TE_4078,0
TE_4079,0
TE_4080,0
TE_4081,0
TE_4082,0
TE_4083,0
TE_4084,0
TE_4085,1
TE_4086,0
TE_4087,1
TE_4088,0
TE_4089,0
TE_4090,0
TE_4091,1
TE_4092,0
TE_4093,0
TE_4094,1
TE_4095,1
TE_4096,0
TE_4097,0
TE_4098,0
TE_4099,0
TE_4100,0
TE_4101,0
TE_4102,0
TE_4103,0
TE_4104,1
TE_4105,0
TE_4106,0
TE_4107,0
TE_4108,0
TE_4109,1
TE_4110,0
TE_4111,0
TE_4112,0
TE_4113,0
TE_4114,1
TE_4115,0
TE_4116,1
TE_4117,0
TE_4118,0
TE_4119,0
TE_4120,0
TE_4121,0
TE_4122,0
TE_4123,0
TE_4124,1
TE_4125,0
TE_4126,0
TE_4127,0
TE_4128,0
TE_4129,0
TE_4130,0
TE_4131,0
TE_4132,1
TE_4133,1
TE_4134,0
TE_4135,0
TE_4136,0
TE_4137,0
TE_4138,0
TE_4139,0
TE_4140,0
TE_4141,0
TE_4142,0
TE_4143,0
TE_4144,0
TE_4145,0
TE_4146,0
TE_4147,0
TE_4148,0
TE_4149,0
TE_4150,0
TE_4151,0
TE_4152,0
TE_4153,0
TE_4154,0
TE_4155,0
TE_4156,1
TE_4157,0
TE_4158,0
TE_4159,0
TE_4160,0
TE_4161,0
TE_4162,0
TE_4163,0
TE_4164,0
TE_4165,0
TE_4166,0
TE_4167,1
TE_4168,1
TE_4169,0
TE_4170,0
TE_4171,0
TE_4172,0
TE_4173,1
TE_4174,0
TE_4175,1
TE_4176,1
TE_4177,1
TE_4178,1
TE_4179,0
TE_4180,0
TE_4181,0
TE_4182,0
TE_4183,1
TE_4184,0
TE_4185,0
TE_4186,0
TE_4187,0
TE_4188,0
TE_4189,0
TE_4190,0
TE_4191,0
TE_4192,0
TE_4193,0
TE_4194,0
TE_4195,0
TE_4196,1
TE_4197,0
TE_4198,0
TE_4199,0
TE_4200,0
TE_4201,0
TE_4202,0
TE_4203,0
TE_4204,0
TE_4205,0
TE_4206,0
TE_4207,1
TE_4208,0
TE_4209,0
TE_4210,1
TE_4211,0
TE_4212,0
TE_4213,1
TE_4214,0
TE_4215,0
TE_4216,1
TE_4217,0
TE_4218,0
TE_4219,0
TE_4220,0
TE_4221,0
TE_4222,0
TE_4223,0
TE_4224,0
TE_4225,0
TE_4226,0
TE_4227,0
TE_4228,0
TE_4229,0
TE_4230,0
TE_4231,0
TE_4232,0
TE_4233,0
TE_4234,0
TE_4235,0
TE_4236,0
TE_4237,0
TE_4238,0
TE_4239,1
TE_4240,0
TE_4241,0
TE_4242,1
TE_4243,1
TE_4244,0
TE_4245,0
TE_4246,0
TE_4247,1
TE_4248,0
TE_4249,0
TE_4250,1
TE_4251,0
TE_4252,0
TE_4253,0
TE_4254,0
TE_4255,0
TE_4256,0
TE_4257,0
TE_4258,0
TE_4259,0
TE_4260,0
TE_4261,1
TE_4262,0
TE_4263,0
TE_4264,1
TE_4265,0
TE_4266,0
TE_4267,0
TE_4268,0
TE_4269,0
TE_4270,1
TE_4271,0
TE_4272,1
TE_4273,0
TE_4274,0
TE_4275,0
TE_4276,0
TE_4277,0
TE_4278,0
TE_4279,1
TE_4280,0
TE_4281,0
TE_4282,0
TE_4283,0
TE_4284,0
TE_4285,1
TE_4286,1
TE_4287,1
TE_4288,0
TE_4289,0
TE_4290,0
TE_4291,0
TE_4292,1
TE_4293,0
TE_4294,1
TE_4295,0
TE_4296,0
TE_4297,0
TE_4298,0
TE_4299,0
TE_4300,1
TE_4301,0
TE_4302,0
TE_4303,0
TE_4304,0
TE_4305,0
TE_4306,0
TE_4307,0
TE_4308,0
TE_4309,0
TE_4310,0
TE_4311,0
TE_4312,0
TE_4313,0
TE_4314,1
TE_4315,0
TE_4316,1
TE_4317,0
TE_4318,0
TE_4319,0
TE_4320,0
TE_4321,1
TE_4322,0
TE_4323,0
TE_4324,0
TE_4325,0
TE_4326,0
TE_4327,1
TE_4328,0
TE_4329,0
TE_4330,0
TE_4331,0
TE_4332,0
TE_4333,0
TE_4334,0
TE_4335,0
TE_4336,0
TE_4337,0
TE_4338,0
TE_4339,0
TE_4340,0
TE_4341,0
TE_4342,0
TE_4343,1
TE_4344,1
TE_4345,0
TE_4346,0
TE_4347,0
TE_4348,0
TE_4349,0
TE_4350,0
TE_4351,0
TE_4352,1
TE_4353,0
TE_4354,0
TE_4355,0
TE_4356,0
TE_4357,0
TE_4358,1
TE_4359,1
TE_4360,1
TE_4361,0
TE_4362,1
TE_4363,0
TE_4364,0
TE_4365,1
TE_4366,1
TE_4367,0
TE_4368,0
TE_4369,1
TE_4370,0
TE_4371,0
TE_4372,0
TE_4373,0
TE_4374,1
TE_4375,0
TE_4376,0
TE_4377,0
TE_4378,1
TE_4379,0
TE_4380,0
TE_4381,0
TE_4382,0
TE_4383,0
TE_4384,0
TE_4385,0
TE_4386,0
TE_4387,0
TE_4388,0
TE_4389,0
TE_4390,1
TE_4391,0
TE_4392,0
TE_4393,0
TE_4394,0
TE_4395,1
TE_4396,0
TE_4397,0
TE_4398,0
TE_4399,0
TE_4400,0
TE_4401,0
TE_4402,0
TE_4403,0
TE_4404,0
TE_4405,0
TE_4406,0
TE_4407,0
TE_4408,0
TE_4409,0
TE_4410,0
TE_4411,0
TE_4412,0
TE_4413,0
TE_4414,0
TE_4415,1
TE_4416,0
TE_4417,0
TE_4418,0
TE_4419,0
TE_4420,0
TE_4421,1
TE_4422,0
TE_4423,0
TE_4424,0
TE_4425,1
TE_4426,0
TE_4427,0
TE_4428,0
TE_4429,0
TE_4430,0
TE_4431,0
TE_4432,0
TE_4433,0
TE_4434,0
TE_4435,0
TE_4436,0
TE_4437,0
TE_4438,0
TE_4439,0
TE_4440,0
TE_4441,0
TE_4442,0
TE_4443,0
TE_4444,0
TE_4445,0
TE_4446,0
TE_4447,0
TE_4448,0
TE_4449,0
TE_4450,0
TE_4451,0
TE_4452,0
TE_4453,0
TE_4454,0
TE_4455,0
TE_4456,0
TE_4457,1
TE_4458,0
TE_4459,0
TE_4460,1
TE_4461,0
TE_4462,0
TE_4463,0
TE_4464,1
TE_4465,0
TE_4466,0
TE_4467,0
TE_4468,0
TE_4469,1
TE_4470,0
TE_4471,0
TE_4472,1
TE_4473,0
TE_4474,0
TE_4475,0
TE_4476,0
TE_4477,0
TE_4478,0
TE_4479,0
TE_4480,0
TE_4481,0
TE_4482,0
TE_4483,0
TE_4484,0
TE_4485,1
TE_4486,1
TE_4487,0
TE_4488,0
TE_4489,0
TE_4490,0
TE_4491,0
TE_4492,1
TE_4493,0
TE_4494,0
TE_4495,0
TE_4496,0
TE_4497,0
TE_4498,0
TE_4499,0
TE_4500,0
TE_4501,0
TE_4502,0
TE_4503,0
TE_4504,0
TE_4505,1
TE_4506,0
TE_4507,0
TE_4508,0
TE_4509,1
TE_4510,0
TE_4511,0
TE_4512,0
TE_4513,1
TE_4514,0
TE_4515,0
TE_4516,0
TE_4517,0
TE_4518,0
TE_4519,0
TE_4520,0
TE_4521,1
TE_4522,1
TE_4523,0
TE_4524,0
TE_4525,0
TE_4526,0
TE_4527,0
TE_4528,1
TE_4529,0
TE_4530,0
TE_4531,0
TE_4532,0
TE_4533,0
TE_4534,0
TE_4535,0
TE_4536,0
TE_4537,0
TE_4538,0
TE_4539,0
TE_4540,0
TE_4541,1
TE_4542,0
TE_4543,0
TE_4544,0
TE_4545,1
TE_4546,0
TE_4547,0
TE_4548,0
TE_4549,0
TE_4550,0
TE_4551,0
TE_4552,0
TE_4553,0
TE_4554,0
TE_4555,0
TE_4556,0
TE_4557,0
TE_4558,0
TE_4559,0
TE_4560,0
TE_4561,0
TE_4562,0
TE_4563,0
TE_4564,0
TE_4565,0
TE_4566,1
TE_4567,0
TE_4568,1
TE_4569,1
TE_4570,0
TE_4571,0
TE_4572,0
TE_4573,0
TE_4574,0
TE_4575,0
TE_4576,1
TE_4577,0
TE_4578,0
TE_4579,0
TE_4580,0
TE_4581,0
TE_4582,0
TE_4583,0
TE_4584,0
TE_4585,0
TE_4586,0
TE_4587,0
TE_4588,0
TE_4589,1
TE_4590,0
TE_4591,0
TE_4592,0
TE_4593,0
TE_4594,0
TE_4595,1
TE_4596,0
TE_4597,0
TE_4598,0
TE_4599,1
TE_4600,0
TE_4601,0
TE_4602,0
TE_4603,1
TE_4604,0
TE_4605,0
TE_4606,0
TE_4607,0
TE_4608,1
TE_4609,0
TE_4610,0
TE_4611,0
TE_4612,0
TE_4613,0
TE_4614,1
TE_4615,0
TE_4616,0
TE_4617,0
TE_4618,0
TE_4619,1
TE_4620,0
TE_4621,0
TE_4622,0
TE_4623,0
TE_4624,0
TE_4625,0
TE_4626,0
TE_4627,0
TE_4628,0
TE_4629,0
TE_4630,0
TE_4631,0
TE_4632,0
TE_4633,0
TE_4634,0
TE_4635,0
TE_4636,0
TE_4637,0
TE_4638,1
TE_4639,0
TE_4640,0
TE_4641,0
TE_4642,0
TE_4643,0
TE_4644,0
TE_4645,0
TE_4646,1
TE_4647,0
TE_4648,0
TE_4649,0
TE_4650,0
TE_4651,0
TE_4652,1
TE_4653,0
TE_4654,1
TE_4655,0
TE_4656,0
TE_4657,0
TE_4658,1
TE_4659,1
TE_4660,0
TE_4661,0
TE_4662,0
TE_4663,0
TE_4664,0
TE_4665,0
TE_4666,0
TE_4667,1
TE_4668,0
TE_4669,0
TE_4670,0
TE_4671,1
TE_4672,0
TE_4673,0
TE_4674,0
TE_4675,0
TE_4676,0
TE_4677,0
TE_4678,0
TE_4679,0
TE_4680,1
TE_4681,0
TE_4682,1
TE_4683,1
TE_4684,0
TE_4685,0
TE_4686,0
TE_4687,0
TE_4688,0
TE_4689,0
TE_4690,1
TE_4691,1
TE_4692,0
TE_4693,0
TE_4694,0
TE_4695,0
TE_4696,1
TE_4697,1
TE_4698,0
TE_4699,1
TE_4700,0
TE_4701,0
TE_4702,0
TE_4703,0
TE_4704,0
TE_4705,0
TE_4706,0
TE_4707,1
TE_4708,0
TE_4709,0
TE_4710,1
TE_4711,0
TE_4712,0
TE_4713,1
TE_4714,1
TE_4715,0
TE_4716,0
TE_4717,0
TE_4718,0
TE_4719,0
TE_4720,0
TE_4721,0
TE_4722,1
TE_4723,0
TE_4724,0
TE_4725,0
TE_4726,1
TE_4727,0
TE_4728,0
TE_4729,0
TE_4730,0
TE_4731,0
TE_4732,0
TE_4733,0
TE_4734,0
TE_4735,0
TE_4736,0
TE_4737,0
TE_4738,0
TE_4739,0
TE_4740,0
TE_4741,1
TE_4742,0
TE_4743,0
TE_4744,0
TE_4745,0
TE_4746,0
TE_4747,0
TE_4748,0
TE_4749,0
TE_4750,1
TE_4751,0
TE_4752,0
TE_4753,0
TE_4754,0
TE_4755,0
TE_4756,0
TE_4757,0
TE_4758,0
TE_4759,0
TE_4760,0
TE_4761,0
TE_4762,0
TE_4763,1
TE_4764,1
TE_4765,0
TE_4766,0
TE_4767,0
TE_4768,1
TE_4769,0
TE_4770,0
TE_4771,1
TE_4772,0
TE_4773,0
TE_4774,0
TE_4775,0
TE_4776,0
TE_4777,0
TE_4778,0
TE_4779,0
TE_4780,0
TE_4781,0
TE_4782,0
TE_4783,0
TE_4784,0
TE_4785,0
TE_4786,0
TE_4787,0
TE_4788,0
TE_4789,0
TE_4790,0
TE_4791,1
TE_4792,1
TE_4793,0
TE_4794,0
TE_4795,0
TE_4796,0
TE_4797,0
TE_4798,0
TE_4799,1
TE_4800,1
TE_4801,0
TE_4802,0
TE_4803,0
TE_4804,1
TE_4805,0
TE_4806,1
TE_4807,0
TE_4808,1
TE_4809,0
TE_4810,0
TE_4811,0
TE_4812,0
TE_4813,0
TE_4814,0
TE_4815,0
TE_4816,0
TE_4817,0
TE_4818,0
TE_4819,0
TE_4820,1
TE_4821,0
TE_4822,0
TE_4823,0
TE_4824,0
TE_4825,1
TE_4826,0
TE_4827,0
TE_4828,1
TE_4829,0
TE_4830,1
TE_4831,0
TE_4832,1
TE_4833,0
TE_4834,0
TE_4835,1
TE_4836,0
TE_4837,1
TE_4838,1
TE_4839,1
TE_4840,0
TE_4841,0
TE_4842,0
TE_4843,0
TE_4844,0
TE_4845,0
TE_4846,0
TE_4847,0
TE_4848,0
TE_4849,0
TE_4850,0
TE_4851,1
TE_4852,0
TE_4853,1
TE_4854,0
TE_4855,0
TE_4856,0
TE_4857,1
TE_4858,1
TE_4859,0
TE_4860,0
TE_4861,0
TE_4862,0
TE_4863,1
TE_4864,0
TE_4865,0
TE_4866,0
TE_4867,0
TE_4868,0
TE_4869,0
TE_4870,0
TE_4871,0
TE_4872,0
TE_4873,1
TE_4874,1
TE_4875,0
TE_4876,0
TE_4877,1
TE_4878,0
TE_4879,1
TE_4880,1
TE_4881,0
TE_4882,0
TE_4883,0
TE_4884,0
TE_4885,0
TE_4886,0
TE_4887,0
TE_4888,1
TE_4889,1
TE_4890,0
TE_4891,0
TE_4892,1
TE_4893,0
TE_4894,0
TE_4895,1
TE_4896,0
TE_4897,0
TE_4898,0
TE_4899,0
TE_4900,0
TE_4901,0
TE_4902,0
TE_4903,0
TE_4904,0
TE_4905,0
TE_4906,0
TE_4907,0
TE_4908,0
TE_4909,0
TE_4910,0
TE_4911,0
TE_4912,0
TE_4913,0
TE_4914,0
TE_4915,0
TE_4916,0
TE_4917,0
TE_4918,1
TE_4919,0
TE_4920,0
TE_4921,0
TE_4922,0
TE_4923,0
TE_4924,0
TE_4925,0
TE_4926,1
TE_4927,0
TE_4928,0
TE_4929,0
TE_4930,1
TE_4931,1
TE_4932,1
TE_4933,0
TE_4934,1
TE_4935,0
TE_4936,0
TE_4937,0
TE_4938,0
TE_4939,0
TE_4940,0
TE_4941,0
TE_4942,0
TE_4943,0
TE_4944,0
TE_4945,1
TE_4946,1
TE_4947,0
TE_4948,0
TE_4949,0
TE_4950,0
TE_4951,1
TE_4952,0
TE_4953,0
TE_4954,0
TE_4955,0
TE_4956,0
TE_4957,0
TE_4958,0
TE_4959,1
TE_4960,0
TE_4961,1
TE_4962,0
TE_4963,0
TE_4964,1
TE_4965,0
TE_4966,0
TE_4967,1
TE_4968,0
TE_4969,0
TE_4970,1
TE_4971,0
TE_4972,0
TE_4973,1
TE_4974,0
TE_4975,0
TE_4976,1
TE_4977,0
TE_4978,0
TE_4979,0
TE_4980,0
TE_4981,0
TE_4982,0
TE_4983,1
TE_4984,0
TE_4985,0
TE_4986,0
TE_4987,1
TE_4988,0
TE_4989,0
TE_4990,0
TE_4991,0
TE_4992,0
TE_4993,1
TE_4994,1
TE_4995,1
TE_4996,0
TE_4997,0
TE_4998,0
TE_4999,0
TE_5000,0
TE_5001,1
TE_5002,0
TE_5003,0
TE_5004,0
TE_5005,0
TE_5006,1
TE_5007,0
TE_5008,0
TE_5009,0
TE_5010,0
TE_5011,0
TE_5012,0
TE_5013,0
TE_5014,0
TE_5015,0
TE_5016,0
TE_5017,1
TE_5018,0
TE_5019,0
TE_5020,0
TE_5021,0
TE_5022,0
TE_5023,0
TE_5024,0
TE_5025,0
TE_5026,0
TE_5027,0
TE_5028,0
TE_5029,0
TE_5030,0
TE_5031,0
TE_5032,0
TE_5033,1
TE_5034,0
TE_5035,1
TE_5036,0
TE_5037,0
TE_5038,0
TE_5039,0
TE_5040,0
TE_5041,0
TE_5042,0
TE_5043,0
TE_5044,0
TE_5045,1
TE_5046,0
TE_5047,0
TE_5048,0
TE_5049,0
TE_5050,1
TE_5051,0
TE_5052,0
TE_5053,0
TE_5054,0
TE_5055,0
TE_5056,0
TE_5057,0
TE_5058,0
TE_5059,0
TE_5060,1
TE_5061,0
TE_5062,0
TE_5063,0
TE_5064,0
TE_5065,0
TE_5066,0
TE_5067,0
TE_5068,0
TE_5069,0
TE_5070,0
TE_5071,1
TE_5072,0
TE_5073,0
TE_5074,0
TE_5075,0
TE_5076,0
TE_5077,1
TE_5078,0
TE_5079,0
TE_5080,0
TE_5081,0
TE_5082,0
TE_5083,0
TE_5084,0
TE_5085,1
TE_5086,0
TE_5087,0
TE_5088,0
TE_5089,1
TE_5090,0
TE_5091,0
TE_5092,0
TE_5093,0
TE_5094,0
TE_5095,0
TE_5096,0
TE_5097,0
TE_5098,0
TE_5099,0
TE_5100,0
TE_5101,0
TE_5102,0
TE_5103,0
TE_5104,0
TE_5105,1
TE_5106,1
TE_5107,0
TE_5108,0
TE_5109,0
TE_5110,1
TE_5111,0
TE_5112,0
TE_5113,0
TE_5114,0
TE_5115,1
TE_5116,1
TE_5117,0
TE_5118,0
TE_5119,0
TE_5120,0
TE_5121,0
TE_5122,0
TE_5123,0
TE_5124,0
TE_5125,0
TE_5126,0
TE_5127,0
TE_5128,0
TE_5129,0
TE_5130,0
TE_5131,0
TE_5132,0
TE_5133,0
TE_5134,0
TE_5135,0
TE_5136,0
TE_5137,0
TE_5138,0
TE_5139,0
TE_5140,0
TE_5141,0
TE_5142,0
TE_5143,1
TE_5144,0
TE_5145,0
TE_5146,0
TE_5147,0
TE_5148,0
TE_5149,0
TE_5150,0
TE_5151,1
TE_5152,1
TE_5153,0
TE_5154,0
TE_5155,0
TE_5156,0
TE_5157,1
TE_5158,1
TE_5159,1
TE_5160,0
TE_5161,0
TE_5162,0
TE_5163,0
TE_5164,0
TE_5165,0
TE_5166,0
TE_5167,0
TE_5168,0
TE_5169,0
TE_5170,0
TE_5171,0
TE_5172,0
TE_5173,0
TE_5174,1
TE_5175,0
TE_5176,1
TE_5177,0
TE_5178,0
TE_5179,0
TE_5180,0
TE_5181,0
TE_5182,0
TE_5183,0
TE_5184,0
TE_5185,0
TE_5186,0
TE_5187,0
TE_5188,0
TE_5189,0
TE_5190,0
TE_5191,0
TE_5192,0
TE_5193,0
TE_5194,0
TE_5195,0
TE_5196,0
TE_5197,1
TE_5198,0
TE_5199,0
TE_5200,1
TE_5201,0
TE_5202,0
TE_5203,0
TE_5204,0
TE_5205,1
TE_5206,1
TE_5207,0
TE_5208,1
TE_5209,0
TE_5210,0
TE_5211,1
TE_5212,0
TE_5213,0
TE_5214,0
TE_5215,0
TE_5216,0
TE_5217,0
TE_5218,0
TE_5219,0
TE_5220,0
TE_5221,0
TE_5222,0
TE_5223,0
TE_5224,0
TE_5225,0
TE_5226,0
TE_5227,0
TE_5228,0
TE_5229,1
TE_5230,0
TE_5231,1
TE_5232,0
TE_5233,1
TE_5234,0
TE_5235,0
TE_5236,0
TE_5237,0
TE_5238,1
TE_5239,1
TE_5240,0
TE_5241,0
TE_5242,1
TE_5243,0
TE_5244,0
TE_5245,1
TE_5246,0
TE_5247,0
TE_5248,1
TE_5249,0
TE_5250,1
TE_5251,1
TE_5252,0
TE_5253,0
TE_5254,1
TE_5255,0
TE_5256,0
TE_5257,0
TE_5258,0
TE_5259,1
TE_5260,0
TE_5261,1
TE_5262,0
TE_5263,0
TE_5264,0
TE_5265,1
TE_5266,0
TE_5267,0
TE_5268,1
TE_5269,0
TE_5270,0
TE_5271,1
TE_5272,0
TE_5273,0
TE_5274,0
TE_5275,0
TE_5276,0
TE_5277,0
TE_5278,0
TE_5279,0
TE_5280,0
TE_5281,0
TE_5282,0
TE_5283,0
TE_5284,0
TE_5285,1
TE_5286,0
TE_5287,0
TE_5288,0
TE_5289,0
TE_5290,0
TE_5291,0
TE_5292,1
TE_5293,0
TE_5294,0
TE_5295,0
TE_5296,0
TE_5297,0
TE_5298,0
TE_5299,0
TE_5300,0
TE_5301,0
TE_5302,0
TE_5303,0
TE_5304,0
TE_5305,0
TE_5306,0
TE_5307,0
TE_5308,0
TE_5309,0
TE_5310,0
TE_5311,0
TE_5312,0
TE_5313,0
TE_5314,1
TE_5315,0
TE_5316,0
TE_5317,0
TE_5318,0
TE_5319,0
TE_5320,0
TE_5321,0
TE_5322,0
TE_5323,1
TE_5324,0
TE_5325,0
TE_5326,0
TE_5327,0
TE_5328,0
TE_5329,0
TE_5330,1
TE_5331,1
TE_5332,0
TE_5333,0
TE_5334,0
TE_5335,0
TE_5336,0
TE_5337,0
TE_5338,0
TE_5339,0
TE_5340,0
TE_5341,1
TE_5342,0
TE_5343,1
TE_5344,1
TE_5345,0
TE_5346,0
TE_5347,0
TE_5348,0
TE_5349,0
TE_5350,1
TE_5351,0
TE_5352,1
TE_5353,0
TE_5354,0
TE_5355,0
TE_5356,0
TE_5357,0
TE_5358,0
TE_5359,0
TE_5360,0
TE_5361,1
TE_5362,0
TE_5363,1
TE_5364,0
TE_5365,0
TE_5366,0
TE_5367,0
TE_5368,0
TE_5369,0
TE_5370,0
TE_5371,0
TE_5372,1
TE_5373,0
TE_5374,1
TE_5375,0
TE_5376,1
TE_5377,0
TE_5378,0
TE_5379,0
TE_5380,1
TE_5381,0
TE_5382,1
TE_5383,0
TE_5384,0
TE_5385,0
TE_5386,0
TE_5387,0
TE_5388,0
TE_5389,0
TE_5390,0
TE_5391,0
TE_5392,0
TE_5393,0
TE_5394,0
TE_5395,0
TE_5396,0
TE_5397,0
TE_5398,1
TE_5399,0
TE_5400,0
TE_5401,0
TE_5402,0
TE_5403,0
TE_5404,0
TE_5405,0
TE_5406,0
TE_5407,0
TE_5408,0
TE_5409,1
TE_5410,0
TE_5411,0
TE_5412,1
TE_5413,0
TE_5414,1
TE_5415,0
TE_5416,0
TE_5417,0
TE_5418,0
TE_5419,0
TE_5420,0
TE_5421,0
TE_5422,0
TE_5423,0
TE_5424,0
TE_5425,0
TE_5426,0
TE_5427,0
TE_5428,1
TE_5429,0
TE_5430,0
TE_5431,1
TE_5432,0
TE_5433,0
TE_5434,1
TE_5435,0
TE_5436,0
TE_5437,0
TE_5438,0
TE_5439,0
TE_5440,0
TE_5441,0
TE_5442,0
TE_5443,0
TE_5444,1
TE_5445,0
TE_5446,0
TE_5447,0
TE_5448,0
TE_5449,0
TE_5450,0
TE_5451,1
TE_5452,1
TE_5453,1
TE_5454,0
TE_5455,0
TE_5456,0
TE_5457,0
TE_5458,0
TE_5459,0
TE_5460,0
TE_5461,0
TE_5462,0
TE_5463,0
TE_5464,0
TE_5465,0
TE_5466,1
TE_5467,0
TE_5468,0
TE_5469,0
TE_5470,1
TE_5471,0
TE_5472,0
TE_5473,1
TE_5474,1
TE_5475,1
TE_5476,0
TE_5477,0
TE_5478,0
TE_5479,0
TE_5480,0
TE_5481,0
TE_5482,0
TE_5483,0
TE_5484,0
TE_5485,1
TE_5486,0
TE_5487,0
TE_5488,0
TE_5489,0
TE_5490,0
TE_5491,0
TE_5492,0
TE_5493,0
TE_5494,0
TE_5495,0
TE_5496,1
TE_5497,1
TE_5498,0
TE_5499,0
TE_5500,0
TE_5501,1
TE_5502,0
TE_5503,0
TE_5504,0
TE_5505,0
TE_5506,0
TE_5507,1
TE_5508,0
TE_5509,0
TE_5510,1
TE_5511,0
TE_5512,0
TE_5513,0
TE_5514,0
TE_5515,0
TE_5516,1
TE_5517,0
TE_5518,0
TE_5519,0
TE_5520,1
TE_5521,0
TE_5522,0
TE_5523,0
TE_5524,0
TE_5525,0
TE_5526,1
TE_5527,0
TE_5528,0
TE_5529,1
TE_5530,0
TE_5531,0
TE_5532,1
TE_5533,0
TE_5534,0
TE_5535,0
TE_5536,0
TE_5537,0
TE_5538,0
TE_5539,0
TE_5540,0
TE_5541,0
TE_5542,1
TE_5543,0
TE_5544,0
TE_5545,1
TE_5546,0
TE_5547,0
TE_5548,0
TE_5549,0
TE_5550,0
TE_5551,0
TE_5552,1
TE_5553,0
TE_5554,1
TE_5555,0
TE_5556,1
TE_5557,0
TE_5558,1
TE_5559,0
TE_5560,0
TE_5561,1
TE_5562,0
TE_5563,0
TE_5564,0
TE_5565,1
TE_5566,0
TE_5567,0
TE_5568,0
TE_5569,0
TE_5570,0
TE_5571,1
TE_5572,0
TE_5573,0
TE_5574,0
TE_5575,1
TE_5576,0
TE_5577,0
TE_5578,0
TE_5579,0
TE_5580,0
TE_5581,0
TE_5582,1
TE_5583,0
TE_5584,0
TE_5585,0
TE_5586,0
TE_5587,0
TE_5588,0
TE_5589,0
TE_5590,0
TE_5591,0
TE_5592,0
TE_5593,0
TE_5594,1
TE_5595,0
TE_5596,0
TE_5597,1
TE_5598,1
TE_5599,0
TE_5600,0
TE_5601,0
TE_5602,0
TE_5603,1
TE_5604,0
TE_5605,1
TE_5606,1
TE_5607,0
TE_5608,1
TE_5609,0
TE_5610,0
TE_5611,1
TE_5612,0
TE_5613,1
TE_5614,0
TE_5615,0
TE_5616,0
TE_5617,0
TE_5618,0
TE_5619,0
TE_5620,0
TE_5621,0
TE_5622,0
TE_5623,0
TE_5624,0
TE_5625,1
TE_5626,0
TE_5627,0
TE_5628,1
TE_5629,1
TE_5630,0
TE_5631,0
TE_5632,0
TE_5633,0
TE_5634,0
TE_5635,0
TE_5636,0
TE_5637,0
TE_5638,1
TE_5639,1
TE_5640,0
TE_5641,0
TE_5642,1
TE_5643,0
TE_5644,0
TE_5645,0
TE_5646,0
TE_5647,0
TE_5648,0
TE_5649,0
TE_5650,0
TE_5651,0
TE_5652,0
TE_5653,0
TE_5654,0
TE_5655,0
TE_5656,0
TE_5657,0
TE_5658,0
TE_5659,0
TE_5660,0
TE_5661,0
TE_5662,0
TE_5663,1
TE_5664,0
TE_5665,0
TE_5666,0
TE_5667,0
TE_5668,0
TE_5669,0
TE_5670,0
TE_5671,0
TE_5672,0
TE_5673,0
TE_5674,0
TE_5675,0
TE_5676,0
TE_5677,0
TE_5678,0
TE_5679,0
TE_5680,0
TE_5681,0
TE_5682,0
TE_5683,0
TE_5684,0
TE_5685,0
TE_5686,0
TE_5687,0
TE_5688,0
TE_5689,0
TE_5690,1
TE_5691,0
TE_5692,0
TE_5693,1
TE_5694,0
TE_5695,0
TE_5696,0
TE_5697,0
TE_5698,1
TE_5699,0
TE_5700,1
TE_5701,0
TE_5702,0
TE_5703,0
TE_5704,0
TE_5705,0
TE_5706,0
TE_5707,1
TE_5708,0
TE_5709,1
TE_5710,0
TE_5711,0
TE_5712,1
TE_5713,0
TE_5714,0
TE_5715,1
TE_5716,0
TE_5717,0
TE_5718,1
TE_5719,1
TE_5720,1
TE_5721,0
TE_5722,1
TE_5723,0
TE_5724,0
TE_5725,1
TE_5726,0
TE_5727,0
TE_5728,0
TE_5729,0
TE_5730,0
TE_5731,0
TE_5732,1
TE_5733,0
TE_5734,0
TE_5735,1
TE_5736,0
TE_5737,0
TE_5738,0
TE_5739,0
TE_5740,1
TE_5741,0
TE_5742,1
TE_5743,0
TE_5744,1
TE_5745,0
TE_5746,0
TE_5747,1
TE_5748,0
TE_5749,0
TE_5750,0
TE_5751,0
TE_5752,0
TE_5753,0
TE_5754,0
TE_5755,0
TE_5756,0
TE_5757,0
TE_5758,0
TE_5759,0
TE_5760,1
TE_5761,0
TE_5762,0
TE_5763,0
TE_5764,0
TE_5765,0
TE_5766,0
TE_5767,1
TE_5768,0
TE_5769,1
TE_5770,0
TE_5771,0
TE_5772,1
TE_5773,1
TE_5774,0
TE_5775,0
TE_5776,0
TE_5777,0
TE_5778,0
TE_5779,0
TE_5780,0
TE_5781,0
TE_5782,0
TE_5783,1
TE_5784,0
TE_5785,0
TE_5786,0
TE_5787,1
TE_5788,0
TE_5789,0
TE_5790,0
TE_5791,0
TE_5792,0
TE_5793,0
TE_5794,1
TE_5795,1
TE_5796,0
TE_5797,0
TE_5798,1
TE_5799,0
TE_5800,0
TE_5801,1
TE_5802,0
TE_5803,0
TE_5804,0
TE_5805,0
TE_5806,0
TE_5807,0
TE_5808,0
TE_5809,1
TE_5810,0
TE_5811,1
TE_5812,0
TE_5813,0
TE_5814,0
TE_5815,0
TE_5816,0
TE_5817,1
TE_5818,0
TE_5819,1
TE_5820,0
TE_5821,0
TE_5822,0
TE_5823,0
TE_5824,0
TE_5825,0
TE_5826,0
TE_5827,0
TE_5828,1
TE_5829,0
TE_5830,0
TE_5831,0
TE_5832,0
TE_5833,0
TE_5834,0
TE_5835,0
TE_5836,0
TE_5837,1
TE_5838,0
TE_5839,1
TE_5840,0
TE_5841,0
TE_5842,0
TE_5843,0
TE_5844,0
TE_5845,0
TE_5846,0
TE_5847,0
TE_5848,0
TE_5849,0
TE_5850,0
TE_5851,0
TE_5852,0
TE_5853,0
TE_5854,0
TE_5855,0
TE_5856,0
TE_5857,0
TE_5858,1
TE_5859,1
TE_5860,1
TE_5861,0
TE_5862,0
TE_5863,0
TE_5864,0
TE_5865,0
TE_5866,0
TE_5867,0
TE_5868,0
TE_5869,0
TE_5870,0
TE_5871,1
TE_5872,0
TE_5873,0
TE_5874,0
TE_5875,1
TE_5876,0
TE_5877,0
TE_5878,0
TE_5879,0
TE_5880,0
TE_5881,1
TE_5882,0
TE_5883,0
TE_5884,0
TE_5885,0
TE_5886,1
TE_5887,0
TE_5888,0
TE_5889,1
TE_5890,0
TE_5891,0
TE_5892,0
TE_5893,0
TE_5894,1
TE_5895,1
TE_5896,0
TE_5897,0
TE_5898,0
TE_5899,0
TE_5900,1
TE_5901,0
TE_5902,0
TE_5903,0
TE_5904,0
TE_5905,0
TE_5906,0
TE_5907,0
TE_5908,0
TE_5909,0
TE_5910,0
TE_5911,0
TE_5912,0
TE_5913,0
TE_5914,0
TE_5915,0
TE_5916,0
TE_5917,0
TE_5918,0
TE_5919,0
TE_5920,0
TE_5921,0
TE_5922,0
TE_5923,1
TE_5924,0
TE_5925,1
TE_5926,0
TE_5927,0
TE_5928,0
TE_5929,0
TE_5930,0
TE_5931,0
TE_5932,0
TE_5933,1
TE_5934,0
TE_5935,0
TE_5936,0
TE_5937,0
TE_5938,0
TE_5939,0
TE_5940,0
TE_5941,0
TE_5942,0
TE_5943,0
TE_5944,0
TE_5945,0
TE_5946,0
TE_5947,0
TE_5948,0
TE_5949,0
TE_5950,0
TE_5951,0
TE_5952,1
TE_5953,0
TE_5954,0
TE_5955,1
TE_5956,1
TE_5957,0
TE_5958,0
TE_5959,1
TE_5960,0
TE_5961,0
TE_5962,0
TE_5963,0
TE_5964,0
TE_5965,0
TE_5966,1
TE_5967,0
TE_5968,0
TE_5969,0
TE_5970,1
TE_5971,0
TE_5972,1
TE_5973,0
TE_5974,0
TE_5975,0
TE_5976,0
TE_5977,0
TE_5978,0
TE_5979,1
TE_5980,0
TE_5981,0
TE_5982,0
TE_5983,0
TE_5984,0
TE_5985,0
TE_5986,1
TE_5987,0
TE_5988,0
TE_5989,0
TE_5990,0
TE_5991,0
TE_5992,0
TE_5993,1
TE_5994,1
TE_5995,0
TE_5996,0
TE_5997,0
TE_5998,1
TE_5999,0
TE_6000,0
TE_6001,0
TE_6002,0
TE_6003,0
TE_6004,0
TE_6005,0
TE_6006,0
TE_6007,0
TE_6008,0
TE_6009,0
TE_6010,0
TE_6011,0
TE_6012,0
TE_6013,0
TE_6014,0
TE_6015,0
TE_6016,0
TE_6017,0
TE_6018,0
TE_6019,0
TE_6020,1
TE_6021,0
TE_6022,1
TE_6023,1
TE_6024,0
TE_6025,0
TE_6026,1
TE_6027,0
TE_6028,0
TE_6029,1
TE_6030,0
TE_6031,0
TE_6032,1
TE_6033,0
TE_6034,0
TE_6035,0
TE_6036,0
TE_6037,0
TE_6038,0
TE_6039,0
TE_6040,1
TE_6041,1
TE_6042,0
TE_6043,0
TE_6044,1
TE_6045,0
TE_6046,1
TE_6047,1
TE_6048,0
TE_6049,0
TE_6050,0
TE_6051,0
TE_6052,0
TE_6053,1
TE_6054,0
TE_6055,0
TE_6056,0
TE_6057,0
TE_6058,0
TE_6059,0
TE_6060,0
TE_6061,0
TE_6062,0
TE_6063,0
TE_6064,0
TE_6065,0
TE_6066,1
TE_6067,0
TE_6068,0
TE_6069,0
TE_6070,0
TE_6071,0
TE_6072,0
TE_6073,0
TE_6074,1
TE_6075,1
TE_6076,0
TE_6077,0
TE_6078,0
TE_6079,0
TE_6080,0
TE_6081,0
TE_6082,1
TE_6083,0
TE_6084,0
TE_6085,0
TE_6086,1
TE_6087,0
TE_6088,0
TE_6089,0
TE_6090,0
TE_6091,0
TE_6092,1
TE_6093,0
TE_6094,0
TE_6095,0
TE_6096,0
TE_6097,0
TE_6098,0
TE_6099,0
TE_6100,1
TE_6101,0
TE_6102,1
TE_6103,0
TE_6104,0
TE_6105,0
TE_6106,0
TE_6107,0
TE_6108,0
TE_6109,0
TE_6110,0
TE_6111,0
TE_6112,0
TE_6113,0
TE_6114,0
TE_6115,0
TE_6116,0
TE_6117,1
TE_6118,0
TE_6119,0
TE_6120,0
TE_6121,1
TE_6122,0
TE_6123,0
TE_6124,0
TE_6125,0
TE_6126,0
TE_6127,0
TE_6128,1
TE_6129,0
TE_6130,0
TE_6131,0
TE_6132,0
TE_6133,0
TE_6134,0
TE_6135,0
TE_6136,0
TE_6137,1
TE_6138,1
TE_6139,0
TE_6140,0
TE_6141,0
TE_6142,0
TE_6143,0
TE_6144,0
TE_6145,1
TE_6146,0
TE_6147,1
TE_6148,1
TE_6149,0
TE_6150,0
TE_6151,0
TE_6152,0
TE_6153,1
TE_6154,0
TE_6155,0
TE_6156,0
TE_6157,0
TE_6158,0
TE_6159,1
TE_6160,1
TE_6161,0
TE_6162,0
TE_6163,0
TE_6164,1
TE_6165,0
TE_6166,1
TE_6167,0
TE_6168,0
TE_6169,0
TE_6170,1
TE_6171,0
TE_6172,0
TE_6173,0
TE_6174,0
TE_6175,1
TE_6176,0
TE_6177,0
TE_6178,1
TE_6179,0
TE_6180,0
TE_6181,0
TE_6182,1
TE_6183,0
TE_6184,0
TE_6185,0
TE_6186,0
TE_6187,0
TE_6188,0
TE_6189,0
TE_6190,0
TE_6191,0
TE_6192,0
TE_6193,0
TE_6194,0
TE_6195,0
TE_6196,0
TE_6197,0
TE_6198,0
TE_6199,0
TE_6200,0
TE_6201,0
TE_6202,0
TE_6203,0
TE_6204,0
TE_6205,0
TE_6206,0
TE_6207,1
TE_6208,1
TE_6209,0
TE_6210,1
TE_6211,0
TE_6212,1
TE_6213,1
TE_6214,0
TE_6215,0
TE_6216,1
TE_6217,0
TE_6218,0
TE_6219,1
TE_6220,1
TE_6221,0
TE_6222,1
TE_6223,1
TE_6224,0
TE_6225,0
TE_6226,1
TE_6227,0
TE_6228,0
TE_6229,0
TE_6230,0
TE_6231,0
TE_6232,1
TE_6233,0
TE_6234,0
TE_6235,0
TE_6236,0
TE_6237,0
TE_6238,0
TE_6239,0
TE_6240,0
TE_6241,0
TE_6242,0
TE_6243,0
TE_6244,0
TE_6245,0
TE_6246,0
TE_6247,0
TE_6248,0
TE_6249,0
TE_6250,0
TE_6251,0
TE_6252,0
TE_6253,0
TE_6254,0
TE_6255,0
TE_6256,0
TE_6257,0
TE_6258,0
TE_6259,0
TE_6260,0
TE_6261,0
TE_6262,0
TE_6263,0
TE_6264,0
TE_6265,0
TE_6266,0
TE_6267,0
TE_6268,1
TE_6269,0
TE_6270,0
TE_6271,0
TE_6272,0
TE_6273,1
TE_6274,1
TE_6275,0
TE_6276,0
TE_6277,0
TE_6278,0
TE_6279,0
TE_6280,0
TE_6281,0
TE_6282,0
TE_6283,1
TE_6284,0
TE_6285,0
TE_6286,0
TE_6287,0
TE_6288,0
TE_6289,0
TE_6290,0
TE_6291,0
TE_6292,0
TE_6293,0
TE_6294,0
TE_6295,1
TE_6296,0
TE_6297,0
TE_6298,0
TE_6299,0
TE_6300,0
TE_6301,0
TE_6302,0
TE_6303,1
TE_6304,1
TE_6305,0
TE_6306,0
TE_6307,0
TE_6308,0
TE_6309,0
TE_6310,0
TE_6311,0
TE_6312,0
TE_6313,0
TE_6314,1
TE_6315,0
TE_6316,0
TE_6317,0
TE_6318,0
TE_6319,0
TE_6320,1
TE_6321,1
TE_6322,1
TE_6323,1
TE_6324,0
TE_6325,0
TE_6326,0
TE_6327,1
TE_6328,0
TE_6329,0
TE_6330,0
TE_6331,0
TE_6332,0
TE_6333,0
TE_6334,0
TE_6335,0
TE_6336,0
TE_6337,0
TE_6338,0
TE_6339,0
TE_6340,0
TE_6341,0
TE_6342,0
TE_6343,0
TE_6344,0
TE_6345,0
TE_6346,0
TE_6347,0
TE_6348,0
TE_6349,1
TE_6350,0
TE_6351,0
TE_6352,1
TE_6353,0
TE_6354,0
TE_6355,0
TE_6356,0
TE_6357,1
TE_6358,0
TE_6359,0
TE_6360,1
TE_6361,0
TE_6362,0
TE_6363,1
TE_6364,0
TE_6365,0
TE_6366,0
TE_6367,0
TE_6368,0
TE_6369,0
TE_6370,0
TE_6371,0
TE_6372,0
TE_6373,0
TE_6374,0
TE_6375,0
TE_6376,0
TE_6377,0
TE_6378,0
TE_6379,0
TE_6380,0
TE_6381,0
TE_6382,1
TE_6383,1
TE_6384,1
TE_6385,0
TE_6386,0
TE_6387,1
TE_6388,0
TE_6389,0
TE_6390,0
TE_6391,0
TE_6392,0
TE_6393,1
TE_6394,0
TE_6395,0
TE_6396,0
TE_6397,0
TE_6398,1
TE_6399,0
TE_6400,0
TE_6401,1
TE_6402,0
TE_6403,0
TE_6404,0
TE_6405,1
TE_6406,0
TE_6407,0
TE_6408,0
TE_6409,0
TE_6410,0
TE_6411,0
TE_6412,0
TE_6413,0
TE_6414,0
TE_6415,0
TE_6416,0
TE_6417,0
TE_6418,0
TE_6419,0
TE_6420,1
TE_6421,0
TE_6422,0
TE_6423,0
TE_6424,0
TE_6425,0
TE_6426,1
TE_6427,0
TE_6428,0
TE_6429,1
TE_6430,1
TE_6431,1
TE_6432,0
TE_6433,0
TE_6434,0
TE_6435,0
TE_6436,0
TE_6437,1
TE_6438,0
TE_6439,0
TE_6440,0
TE_6441,0
TE_6442,0
TE_6443,0
TE_6444,0
TE_6445,0
TE_6446,0
TE_6447,0
TE_6448,1
TE_6449,0
TE_6450,0
TE_6451,0
TE_6452,0
TE_6453,0
TE_6454,0
TE_6455,0
TE_6456,0
TE_6457,0
TE_6458,0
TE_6459,0
TE_6460,0
TE_6461,0
TE_6462,0
TE_6463,0
TE_6464,0
TE_6465,0
TE_6466,0
TE_6467,0
TE_6468,0
TE_6469,0
TE_6470,1
TE_6471,0
TE_6472,0
TE_6473,0
TE_6474,0
TE_6475,0
TE_6476,0
TE_6477,0
TE_6478,1
TE_6479,1
TE_6480,0
TE_6481,0
TE_6482,0
TE_6483,0
TE_6484,0
TE_6485,0
TE_6486,0
TE_6487,1
TE_6488,0
TE_6489,0
TE_6490,0
TE_6491,0
TE_6492,0
TE_6493,0
TE_6494,0
TE_6495,0
TE_6496,1
TE_6497,0
TE_6498,0
TE_6499,0
TE_6500,0
TE_6501,0
TE_6502,0
TE_6503,0
TE_6504,0
TE_6505,0
TE_6506,0
TE_6507,1
TE_6508,0
TE_6509,0
TE_6510,1
TE_6511,0
TE_6512,0
TE_6513,0
TE_6514,0
TE_6515,0
TE_6516,0
TE_6517,0
TE_6518,0
TE_6519,0
TE_6520,0
TE_6521,0
TE_6522,0
TE_6523,0
TE_6524,0
TE_6525,0
TE_6526,0
TE_6527,1
TE_6528,1
TE_6529,0
TE_6530,0
TE_6531,0
TE_6532,1
TE_6533,0
TE_6534,0
TE_6535,1
TE_6536,1
TE_6537,0
TE_6538,0
TE_6539,0
TE_6540,0
TE_6541,0
TE_6542,0
TE_6543,0
TE_6544,0
TE_6545,0
TE_6546,0
TE_6547,0
TE_6548,0
TE_6549,0
TE_6550,0
TE_6551,1
TE_6552,0
TE_6553,0
TE_6554,0
TE_6555,0
TE_6556,0
TE_6557,0
TE_6558,0
TE_6559,0
TE_6560,0
TE_6561,0
TE_6562,1
TE_6563,1
TE_6564,0
TE_6565,1
TE_6566,0
TE_6567,0
TE_6568,1
TE_6569,0
TE_6570,0
TE_6571,0
TE_6572,0
TE_6573,0
TE_6574,0
TE_6575,0
TE_6576,0
TE_6577,0
TE_6578,0
TE_6579,0
TE_6580,0
TE_6581,0
TE_6582,0
TE_6583,1
TE_6584,0
TE_6585,0
TE_6586,0
TE_6587,0
TE_6588,0
TE_6589,0
TE_6590,0
TE_6591,1
TE_6592,0
TE_6593,0
TE_6594,0
TE_6595,0
TE_6596,1
TE_6597,0
TE_6598,0
TE_6599,0
TE_6600,1
TE_6601,0
TE_6602,0
TE_6603,0
TE_6604,1
TE_6605,0
TE_6606,0
TE_6607,0
TE_6608,0
TE_6609,0
TE_6610,1
TE_6611,1
TE_6612,0
TE_6613,0
TE_6614,0
TE_6615,0
TE_6616,0
TE_6617,0
TE_6618,0
TE_6619,0
TE_6620,1
TE_6621,0
TE_6622,0
TE_6623,1
TE_6624,0
TE_6625,0
TE_6626,0
TE_6627,0
TE_6628,0
TE_6629,0
TE_6630,0
TE_6631,0
TE_6632,0
TE_6633,0
TE_6634,0
TE_6635,0
TE_6636,0
TE_6637,0
TE_6638,0
TE_6639,0
TE_6640,1
TE_6641,1
TE_6642,0
TE_6643,0
TE_6644,0
TE_6645,0
TE_6646,0
TE_6647,0
TE_6648,0
TE_6649,0
TE_6650,0
TE_6651,0
TE_6652,0
TE_6653,0
TE_6654,0
TE_6655,0
TE_6656,0
TE_6657,0
TE_6658,0
TE_6659,0
TE_6660,0
TE_6661,0
TE_6662,0
TE_6663,1
TE_6664,0
TE_6665,1
TE_6666,0
TE_6667,0
TE_6668,0
TE_6669,0
TE_6670,0
TE_6671,0
TE_6672,0
TE_6673,0
TE_6674,0
TE_6675,0
TE_6676,0
TE_6677,0
TE_6678,0
TE_6679,0
TE_6680,0
TE_6681,0
TE_6682,0
TE_6683,0
TE_6684,0
TE_6685,0
TE_6686,0
TE_6687,0
TE_6688,0
TE_6689,0
TE_6690,1
TE_6691,1
TE_6692,0
TE_6693,1
TE_6694,0
TE_6695,0
TE_6696,0
TE_6697,1
TE_6698,1
TE_6699,0
TE_6700,0
TE_6701,0
TE_6702,0
TE_6703,0
TE_6704,0
TE_6705,0
TE_6706,0
TE_6707,0
TE_6708,0
TE_6709,0
TE_6710,0
TE_6711,0
TE_6712,0
TE_6713,0
TE_6714,0
TE_6715,0
TE_6716,0
TE_6717,0
TE_6718,1
TE_6719,1
TE_6720,0
TE_6721,0
TE_6722,0
TE_6723,0
TE_6724,0
TE_6725,0
TE_6726,0
TE_6727,0
TE_6728,0
TE_6729,0
TE_6730,0
TE_6731,0
TE_6732,1
TE_6733,0
TE_6734,1
TE_6735,1
TE_6736,0
TE_6737,0
TE_6738,0
TE_6739,1
TE_6740,0
TE_6741,0
TE_6742,0
TE_6743,1
TE_6744,0
TE_6745,0
TE_6746,1
TE_6747,0
TE_6748,0
TE_6749,1
TE_6750,0
TE_6751,0
TE_6752,0
TE_6753,0
TE_6754,0
TE_6755,1
TE_6756,0
TE_6757,0
TE_6758,0
TE_6759,0
TE_6760,0
TE_6761,1
TE_6762,0
TE_6763,1
TE_6764,0
TE_6765,0
TE_6766,0
TE_6767,0
TE_6768,0
TE_6769,1
TE_6770,0
TE_6771,0
TE_6772,0
TE_6773,1
TE_6774,1
TE_6775,0
TE_6776,0
TE_6777,1
TE_6778,0
TE_6779,0
TE_6780,0
TE_6781,0
TE_6782,0
TE_6783,0
TE_6784,0
TE_6785,0
TE_6786,0
TE_6787,0
TE_6788,0
TE_6789,0
TE_6790,0
TE_6791,0
TE_6792,1
TE_6793,0
TE_6794,0
TE_6795,0
TE_6796,0
TE_6797,0
TE_6798,0
TE_6799,0
TE_6800,0
TE_6801,0
TE_6802,1
TE_6803,0
TE_6804,0
TE_6805,0
TE_6806,0
TE_6807,1
TE_6808,0
TE_6809,0
TE_6810,0
TE_6811,0
TE_6812,1
TE_6813,0
TE_6814,0
TE_6815,0
TE_6816,0
TE_6817,0
TE_6818,0
TE_6819,0
TE_6820,0
TE_6821,1
TE_6822,0
TE_6823,0
TE_6824,1
TE_6825,0
TE_6826,0
TE_6827,0
TE_6828,1
TE_6829,0
TE_6830,0
TE_6831,1
TE_6832,0
TE_6833,1
TE_6834,1
TE_6835,0
TE_6836,0
TE_6837,0
TE_6838,1
TE_6839,0
TE_6840,0
TE_6841,1
TE_6842,1
TE_6843,0
TE_6844,0
TE_6845,0
TE_6846,0
TE_6847,0
TE_6848,0
TE_6849,0
TE_6850,1
TE_6851,0
TE_6852,0
TE_6853,0
TE_6854,0
TE_6855,0
TE_6856,0
TE_6857,1
TE_6858,0
TE_6859,0
TE_6860,1
TE_6861,0
TE_6862,0
TE_6863,1
TE_6864,0
TE_6865,0
TE_6866,0
TE_6867,0
TE_6868,0
TE_6869,0
TE_6870,0
TE_6871,1
TE_6872,0
TE_6873,1
TE_6874,0
TE_6875,0
TE_6876,0
TE_6877,0
TE_6878,0
TE_6879,0
TE_6880,0
TE_6881,0
TE_6882,0
TE_6883,0
TE_6884,0
TE_6885,1
TE_6886,1
TE_6887,0
TE_6888,1
TE_6889,1
TE_6890,0
TE_6891,0
TE_6892,0
TE_6893,0
TE_6894,0
TE_6895,0
TE_6896,0
TE_6897,0
TE_6898,0
TE_6899,0
TE_6900,0
TE_6901,0
TE_6902,0
TE_6903,0
TE_6904,0
TE_6905,0
TE_6906,0
TE_6907,1
TE_6908,0
TE_6909,0
TE_6910,0
TE_6911,1
TE_6912,1
TE_6913,1
TE_6914,0
TE_6915,0
TE_6916,0
TE_6917,0
TE_6918,0
TE_6919,0
TE_6920,0
TE_6921,0
TE_6922,0
TE_6923,0
TE_6924,0
TE_6925,0
TE_6926,1
TE_6927,1
TE_6928,1
TE_6929,0
TE_6930,1
TE_6931,0
TE_6932,0
TE_6933,0
TE_6934,0
TE_6935,0
TE_6936,0
TE_6937,0
TE_6938,0
TE_6939,0
TE_6940,0
TE_6941,0
TE_6942,0
TE_6943,0
TE_6944,0
TE_6945,1
TE_6946,0
TE_6947,0
TE_6948,0
TE_6949,0
TE_6950,0
TE_6951,0
TE_6952,1
TE_6953,0
TE_6954,0
TE_6955,0
TE_6956,1
TE_6957,0
TE_6958,0
TE_6959,0
TE_6960,0
TE_6961,0
TE_6962,0
TE_6963,1
TE_6964,0
TE_6965,0
TE_6966,0
TE_6967,0
TE_6968,0
TE_6969,0
TE_6970,1
TE_6971,0
TE_6972,0
TE_6973,0
TE_6974,0
TE_6975,0
TE_6976,1
TE_6977,0
TE_6978,1
TE_6979,1
TE_6980,0
TE_6981,0
TE_6982,0
TE_6983,1
TE_6984,0
TE_6985,0
TE_6986,0
TE_6987,0
TE_6988,0
TE_6989,0
TE_6990,0
TE_6991,0
TE_6992,0
TE_6993,0
TE_6994,0
TE_6995,0
TE_6996,0
TE_6997,0
TE_6998,0
TE_6999,1
TE_7000,1
TE_7001,0
TE_7002,0
TE_7003,0
TE_7004,0
TE_7005,1
TE_7006,0
TE_7007,0
TE_7008,0
TE_7009,0
TE_7010,0
TE_7011,0
TE_7012,0
TE_7013,0
TE_7014,0
TE_7015,0
TE_7016,0
TE_7017,0
TE_7018,0
TE_7019,0
TE_7020,0
TE_7021,1
TE_7022,1
TE_7023,0
TE_7024,0
TE_7025,0
TE_7026,0
TE_7027,0
TE_7028,0
TE_7029,0
TE_7030,0
TE_7031,1
TE_7032,1
TE_7033,0
TE_7034,0
TE_7035,0
TE_7036,0
TE_7037,1
TE_7038,0
TE_7039,0
TE_7040,0
TE_7041,0
TE_7042,0
TE_7043,0
TE_7044,0
TE_7045,0
TE_7046,0
TE_7047,0
TE_7048,0
TE_7049,0
TE_7050,0
TE_7051,0
TE_7052,1
TE_7053,0
TE_7054,0
TE_7055,0
TE_7056,0
TE_7057,0
TE_7058,0
TE_7059,0
TE_7060,0
TE_7061,0
TE_7062,1
TE_7063,0
TE_7064,0
TE_7065,0
TE_7066,1
TE_7067,1
TE_7068,0
TE_7069,0
TE_7070,0
TE_7071,1
TE_7072,0
TE_7073,0
TE_7074,0
TE_7075,0
TE_7076,1
TE_7077,0
TE_7078,0
TE_7079,0
TE_7080,1
TE_7081,1
TE_7082,0
TE_7083,0
TE_7084,0
TE_7085,0
TE_7086,0
TE_7087,0
TE_7088,0
TE_7089,1
TE_7090,0
TE_7091,0
TE_7092,0
TE_7093,0
TE_7094,0
TE_7095,1
TE_7096,0
TE_7097,0
TE_7098,1
TE_7099,0
TE_7100,0
TE_7101,0
TE_7102,1
TE_7103,0
TE_7104,1
TE_7105,0
TE_7106,0
TE_7107,0
TE_7108,0
TE_7109,0
TE_7110,0
TE_7111,0
TE_7112,0
TE_7113,0
TE_7114,1
TE_7115,0
TE_7116,0
TE_7117,1
TE_7118,0
TE_7119,0
TE_7120,0
TE_7121,0
TE_7122,0
TE_7123,0
TE_7124,1
TE_7125,0
TE_7126,0
TE_7127,0
TE_7128,0
TE_7129,0
TE_7130,0
TE_7131,0
TE_7132,0
TE_7133,1
TE_7134,0
TE_7135,0
TE_7136,0
TE_7137,1
TE_7138,1
TE_7139,0
TE_7140,0
TE_7141,0
TE_7142,0
TE_7143,0
TE_7144,1
TE_7145,0
TE_7146,0
TE_7147,0
TE_7148,0
TE_7149,0
TE_7150,0
TE_7151,0
TE_7152,0
TE_7153,0
TE_7154,0
TE_7155,0
TE_7156,0
TE_7157,0
TE_7158,1
TE_7159,1
TE_7160,1
TE_7161,0
TE_7162,0
TE_7163,0
TE_7164,0
TE_7165,0
TE_7166,0
TE_7167,0
TE_7168,0
TE_7169,0
TE_7170,0
TE_7171,0
TE_7172,1
TE_7173,0
TE_7174,0
TE_7175,0
TE_7176,1
TE_7177,1
TE_7178,0
TE_7179,0
TE_7180,0
TE_7181,0
TE_7182,0
TE_7183,0
TE_7184,0
TE_7185,0
TE_7186,0
TE_7187,0
TE_7188,1
TE_7189,0
TE_7190,0
TE_7191,0
TE_7192,0
TE_7193,0
TE_7194,1
TE_7195,0
TE_7196,0
TE_7197,0
TE_7198,0
TE_7199,0
TE_7200,0
TE_7201,0
TE_7202,1
TE_7203,0
TE_7204,0
TE_7205,0
TE_7206,1
TE_7207,0
TE_7208,0
TE_7209,0
TE_7210,1
TE_7211,0
TE_7212,0
TE_7213,0
TE_7214,1
TE_7215,0
TE_7216,1
TE_7217,1
TE_7218,0
TE_7219,0
TE_7220,0
TE_7221,0
TE_7222,0
TE_7223,0
TE_7224,0
TE_7225,0
TE_7226,0
TE_7227,0
TE_7228,0
TE_7229,0
TE_7230,0
TE_7231,0
TE_7232,1
TE_7233,0
TE_7234,0
TE_7235,0
TE_7236,0
TE_7237,0
TE_7238,0
TE_7239,0
TE_7240,0
TE_7241,0
TE_7242,0
TE_7243,0
TE_7244,0
TE_7245,0
TE_7246,0
TE_7247,0
TE_7248,1
TE_7249,0
TE_7250,1
TE_7251,0
TE_7252,1
TE_7253,0
TE_7254,0
TE_7255,0
TE_7256,1
TE_7257,0
TE_7258,0
TE_7259,1
TE_7260,0
TE_7261,0
TE_7262,0
TE_7263,1
TE_7264,0
TE_7265,1
TE_7266,0
TE_7267,0
TE_7268,0
TE_7269,0
TE_7270,1
TE_7271,0
TE_7272,0
TE_7273,0
TE_7274,0
TE_7275,0
TE_7276,0
TE_7277,0
TE_7278,0
TE_7279,0
TE_7280,0
TE_7281,1
TE_7282,0
TE_7283,0
TE_7284,1
TE_7285,0
TE_7286,0
TE_7287,0
TE_7288,0
TE_7289,0
TE_7290,0
TE_7291,0
TE_7292,1
TE_7293,0
TE_7294,0
TE_7295,0
TE_7296,0
TE_7297,0
TE_7298,0
TE_7299,1
TE_7300,0
TE_7301,0
TE_7302,1
TE_7303,0
TE_7304,0
TE_7305,0
TE_7306,1
TE_7307,0
TE_7308,0
TE_7309,0
TE_7310,1
TE_7311,1
TE_7312,0
TE_7313,0
TE_7314,0
TE_7315,0
TE_7316,0
TE_7317,0
TE_7318,1
TE_7319,0
TE_7320,0
TE_7321,0
TE_7322,0
TE_7323,0
TE_7324,0
TE_7325,1
TE_7326,1
TE_7327,0
TE_7328,0
TE_7329,0
TE_7330,0
TE_7331,0
TE_7332,0
